ProjectID, BugId, FaultNodeName, FaultNode_InDegree, FaultNode_OutDegree, FaultNodeDegreeCentrality, CBO, RFC, NoOfTestCasesExecuteFaultMethod, NoOfTestCasesPassesCoversFaultNode, NoOfTestCasesFailsCoversFaultNode, NoOfTestCasesExecutesDynamicCallGraph, InDegreeMethodCallsList, OutDegreeMethodCallsList
Chart, 1, org.jfree.chart.renderer.category.AbstractCategoryItemRenderer#1791, 1, 3, 4, 9, 6, 38, 37, 1, 43, org.jfree.chart.renderer.category.junit.AbstractCategoryItemRendererTests#397, org.jfree.chart.LegendItemCollection#68/org.jfree.chart.plot.CategoryPlot#1727/org.jfree.chart.plot.CategoryPlot#1320
Chart, 2, org.jfree.data.general.DatasetUtilities#742, 1, 4, 5, 10, 8, 16, 15, 1, 35, org.jfree.data.general.DatasetUtilities#726, org.jfree.data.xy.XYIntervalSeriesCollection#187/org.jfree.data.xy.XYIntervalSeriesCollection#147/org.jfree.data.xy.XYIntervalSeriesCollection#99/org.jfree.data.xy.XYIntervalSeriesCollection#173
Chart, 3, Unknown, 0, 0, 0, 0, 0, 0, 0, 0, 0, , 
Chart, 5, org.jfree.data.xy.XYSeries#541, 1, 4, 5, 7, 9, 4, 3, 1, 6, org.jfree.data.xy.XYSeries#527, org.jfree.data.xy.XYSeries#186/org.jfree.data.general.Series#313/org.jfree.data.xy.XYSeries#589/org.jfree.data.xy.XYDataItem#72
Chart, 6, org.jfree.chart.util.ShapeList#105, 2, 1, 3, 17, 8, 223, 221, 2, 224, org.jfree.chart.util.junit.ShapeListTests#130/org.jfree.chart.util.junit.ShapeListTests#85, org.jfree.chart.util.AbstractObjectList#178
Chart, 7, org.jfree.data.time.TimePeriodValues#259, 1, 4, 5, 10, 11, 13, 12, 1, 15, org.jfree.data.time.TimePeriodValues#243, org.jfree.data.time.TimePeriodValues#205/org.jfree.data.time.TimePeriodValue#97/org.jfree.data.time.SimpleTimePeriod#120/org.jfree.data.time.SimpleTimePeriod#100
Chart, 8, Unknown, 0, 0, 0, 0, 0, 0, 0, 0, 0, , 
Chart, 9, Unknown, 0, 0, 0, 0, 0, 0, 0, 0, 0, , 
Chart, 10, Unknown, 0, 0, 0, 0, 0, 0, 0, 0, 0, , 
Chart, 11, Unknown, 0, 0, 0, 0, 0, 0, 0, 0, 0, , 
Chart, 12, org.jfree.chart.plot.MultiplePiePlot#144, 2, 8, 10, 11, 11, 4, 3, 1, 5, org.jfree.chart.plot.junit.MultiplePiePlotTests#105/org.jfree.chart.plot.MultiplePiePlot#135, org.jfree.chart.plot.Plot#284/org.jfree.chart.JFreeChart#571/org.jfree.chart.JFreeChart#327/org.jfree.chart.JFreeChart#959/org.jfree.chart.title.TextTitle#187/org.jfree.chart.plot.PiePlot#504/org.jfree.chart.title.Title#216/org.jfree.chart.JFreeChart#664
Chart, 13, Unknown, 0, 0, 0, 0, 0, 0, 0, 0, 0, , 
Chart, 14, Unknown, 0, 0, 0, 0, 0, 0, 0, 0, 0, , 
Chart, 15, org.jfree.chart.plot.PiePlot#2049, 1, 4, 5, 16, 18, 3, 2, 1, 15, org.jfree.chart.plot.PiePlot3D#230, org.jfree.chart.plot.PiePlotState#89/org.jfree.chart.plot.PiePlotState#109/org.jfree.data.general.DatasetUtilities#152/org.jfree.chart.plot.PiePlot#551
Chart, 16, Unknown, 0, 0, 0, 0, 0, 0, 0, 0, 0, , 
Chart, 17, Unknown, 0, 0, 0, 0, 0, 0, 0, 0, 0, , 
Chart, 18, Unknown, 0, 0, 0, 0, 0, 0, 0, 0, 0, , 
Chart, 19, Unknown, 0, 0, 0, 0, 0, 0, 0, 0, 0, , 
Chart, 20, org.jfree.chart.plot.ValueMarker#95, 1, 1, 2, 3, 3, 95, 94, 1, 100, org.jfree.chart.plot.junit.ValueMarkerTests#290, org.jfree.chart.plot.Marker#175
Chart, 21, org.jfree.data.statistics.DefaultBoxAndWhiskerCategoryDataset#147, 1, 8, 9, 13, 12, 11, 10, 1, 14, org.jfree.data.statistics.junit.DefaultBoxAndWhiskerCategoryDatasetTests#271, org.jfree.data.KeyedObjects2D#250/org.jfree.data.general.AbstractDataset#172/org.jfree.data.KeyedObjects2D#150/org.jfree.data.statistics.BoxAndWhiskerItem#223/org.jfree.data.Range#85/org.jfree.data.KeyedObjects2D#187/org.jfree.data.statistics.BoxAndWhiskerItem#214/org.jfree.data.statistics.DefaultBoxAndWhiskerCategoryDataset#740
Chart, 22, org.jfree.data.KeyedObjects2D#215, 2, 1, 3, 30, 16, 5, 3, 2, 54, org.jfree.data.junit.KeyedObjects2DTests#206/org.jfree.data.junit.KeyedObjects2DTests#256, org.jfree.data.KeyedObjects#169
Chart, 23, Unknown, 0, 0, 0, 0, 0, 0, 0, 0, 0, , 
Chart, 24, Unknown, 0, 0, 0, 0, 0, 0, 0, 0, 0, , 
Chart, 25, org.jfree.chart.renderer.category.StatisticalBarRenderer#240, 1, 15, 16, 37, 19, 2, 0, 2, 10, org.jfree.chart.renderer.category.StatisticalBarRenderer#200, org.jfree.chart.plot.CategoryPlot#1078/org.jfree.chart.plot.CategoryPlot#802/org.jfree.chart.renderer.AbstractRenderer#614/org.jfree.chart.renderer.category.BarRenderer#459/org.jfree.chart.axis.NumberAxis#526/org.jfree.data.statistics.DefaultStatisticalCategoryDataset#107/org.jfree.chart.renderer.category.AbstractCategoryItemRenderer#695/org.jfree.chart.renderer.category.CategoryItemRendererState#82/org.jfree.chart.renderer.category.AbstractCategoryItemRenderer#295/org.jfree.chart.renderer.RendererState#85/org.jfree.data.statistics.DefaultStatisticalCategoryDataset#169/org.jfree.chart.renderer.category.BarRenderer#268/org.jfree.chart.renderer.category.BarRenderer#470/org.jfree.chart.axis.CategoryAxis#592/org.jfree.chart.renderer.category.AbstractCategoryItemRenderer#705
Chart, 26, org.jfree.chart.axis.Axis#1097, 4, 12, 16, 107, 63, 45, 23, 22, 525, org.jfree.chart.axis.NumberAxis#657/org.jfree.chart.axis.DateAxis#1689/org.jfree.chart.axis.CategoryAxis#816/org.jfree.chart.axis.NumberAxis3D#133, org.jfree.chart.axis.Axis#410/org.jfree.chart.axis.Axis#438/org.jfree.chart.axis.Axis#467/org.jfree.chart.text.TextUtilities#290/org.jfree.chart.util.RectangleInsets#129/org.jfree.chart.util.RectangleInsets#120/org.jfree.chart.plot.PlotRenderingInfo#103/org.jfree.chart.axis.AxisState#91/org.jfree.chart.axis.Axis#381/org.jfree.chart.text.TextUtilities#544/org.jfree.chart.axis.AxisState#130/org.jfree.chart.axis.AxisState#139
Lang, 1, org.apache.commons.lang3.math.NumberUtils#451, 1, 2, 3, 1, 5, 10, 9, 1, 15, org.apache.commons.lang3.math.NumberUtilsTest#251, org.apache.commons.lang3.StringUtils#257/org.apache.commons.lang3.math.NumberUtils#680
Lang, 2, Unknown, 0, 0, 0, 0, 0, 0, 0, 0, 0, , 
Lang, 3, org.apache.commons.lang3.math.NumberUtils#451, 1, 3, 4, 1, 7, 9, 8, 1, 23, org.apache.commons.lang3.math.NumberUtilsTest#124, org.apache.commons.lang3.StringUtils#257/org.apache.commons.lang3.math.NumberUtils#643/org.apache.commons.lang3.math.NumberUtils#621
Lang, 4, Unknown, 0, 0, 0, 0, 0, 0, 0, 0, 0, , 
Lang, 5, Unknown, 0, 0, 0, 0, 0, 0, 0, 0, 0, , 
Lang, 6, org.apache.commons.lang3.text.translate.CharSequenceTranslator#76, 1, 1, 2, 2, 3, 38, 37, 1, 40, org.apache.commons.lang3.text.translate.CharSequenceTranslator#54, org.apache.commons.lang3.StringEscapeUtils$CsvEscaper#156
Lang, 7, org.apache.commons.lang3.math.NumberUtils#714, 1, 1, 2, 4, 12, 3, 2, 1, 6, org.apache.commons.lang3.math.NumberUtils#446, org.apache.commons.lang3.StringUtils#235
Lang, 8, org.apache.commons.lang3.time.FastDatePrinter$TimeZoneNameRule#1134, 1, 1, 2, 5, 4, 4, 2, 2, 13, org.apache.commons.lang3.time.FastDatePrinter#453, org.apache.commons.lang3.time.FastDatePrinter#1079
Lang, 9, org.apache.commons.lang3.time.FastDateParser#116, 1, 3, 4, 5, 20, 79, 77, 2, 80, org.apache.commons.lang3.time.FastDateParser#104, org.apache.commons.lang3.time.FastDateParser#535/org.apache.commons.lang3.time.FastDateParser$NumberStrategy#718/org.apache.commons.lang3.time.FastDateParser$CopyQuotedStrategy#624
Lang, 10, Unknown, 0, 0, 0, 0, 0, 0, 0, 0, 0, , 
Lang, 11, Unknown, 0, 0, 0, 0, 0, 0, 0, 0, 0, , 
Lang, 12, Unknown, 0, 0, 0, 0, 0, 0, 0, 0, 0, , 
Lang, 13, Unknown, 0, 0, 0, 0, 0, 0, 0, 0, 0, , 
Lang, 14, Unknown, 0, 0, 0, 0, 0, 0, 0, 0, 0, , 
Lang, 15, org.apache.commons.lang3.reflect.TypeUtils#181, 1, 4, 5, 3, 23, 3, 2, 1, 14, org.apache.commons.lang3.reflect.TypeUtils#79, org.apache.commons.lang3.reflect.TypeUtils#986/org.apache.commons.lang3.reflect.TypeUtils#600/org.apache.commons.lang3.reflect.TypeUtils#547/org.apache.commons.lang3.reflect.TypeUtils#79
Lang, 16, Unknown, 0, 0, 0, 0, 0, 0, 0, 0, 0, , 
Lang, 17, org.apache.commons.lang3.text.translate.CharSequenceTranslator#76, 1, 1, 2, 2, 3, 34, 33, 1, 36, org.apache.commons.lang3.text.translate.CharSequenceTranslator#54, org.apache.commons.lang3.text.translate.AggregateTranslator#51
Lang, 18, org.apache.commons.lang3.time.FastDateFormat#464, 1, 5, 6, 3, 55, 25, 24, 1, 28, org.apache.commons.lang3.time.FastDateFormat#444, org.apache.commons.lang3.time.FastDateFormat$CharacterLiteral#936/org.apache.commons.lang3.time.FastDateFormat#653/org.apache.commons.lang3.time.FastDateFormat$TimeZoneNameRule#1387/org.apache.commons.lang3.time.FastDateFormat#594/org.apache.commons.lang3.time.FastDateFormat$TextField#1000
Lang, 19, Unknown, 0, 0, 0, 0, 0, 0, 0, 0, 0, , 
Lang, 20, org.apache.commons.lang3.StringUtils#3290, 2, 1, 3, 0, 10, 2, 1, 1, 6, org.apache.commons.lang3.StringUtils#3256/org.apache.commons.lang3.StringUtilsTest#201, org.apache.commons.lang3.StringUtilsTest$1#74
Lang, 21, Unknown, 0, 0, 0, 0, 0, 0, 0, 0, 0, , 
Lang, 22, Unknown, 0, 0, 0, 0, 0, 0, 0, 0, 0, , 
Lang, 23, Unknown, 0, 0, 0, 0, 0, 0, 0, 0, 0, , 
Lang, 24, Unknown, 0, 0, 0, 0, 0, 0, 0, 0, 0, , 
Lang, 25, Unknown, 0, 0, 0, 0, 0, 0, 0, 0, 0, , 
Lang, 26, org.apache.commons.lang3.time.FastDateFormat#820, 1, 1, 2, 0, 22, 31, 30, 1, 35, org.apache.commons.lang3.time.FastDateFormatTest#329, org.apache.commons.lang3.time.FastDateFormat#888
Lang, 27, org.apache.commons.lang3.math.NumberUtils#453, 2, 9, 11, 4, 20, 3, 2, 1, 3, org.apache.commons.lang3.math.NumberUtilsTest#1146/org.apache.commons.lang3.math.NumberUtilsTest#178, org.apache.commons.lang3.math.NumberUtils#682/org.apache.commons.lang3.StringUtils#233/org.apache.commons.lang3.math.NumberUtils#714/org.apache.commons.lang3.math.NumberUtils#648/org.apache.commons.lang3.math.NumberUtils#1292/org.apache.commons.lang3.math.NumberUtils#698/org.apache.commons.lang3.math.NumberUtils#665/org.apache.commons.lang3.math.NumberUtils#632/org.apache.commons.lang3.math.NumberUtils#610
Lang, 28, Unknown, 0, 0, 0, 0, 0, 0, 0, 0, 0, , 
Lang, 29, Unknown, 0, 0, 0, 0, 0, 0, 0, 0, 0, , 
Lang, 30, org.apache.commons.lang3.StringUtils#1372, 2, 2, 4, 3, 21, 4, 2, 2, 52, org.apache.commons.lang3.StringUtilsEqualsIndexOfTest#527/org.apache.commons.lang3.StringUtils#1412, org.apache.commons.lang3.ArrayUtils#3279/org.apache.commons.lang3.StringUtils#194
Lang, 31, Unknown, 0, 0, 0, 0, 0, 0, 0, 0, 0, , 
Lang, 32, org.apache.commons.lang3.builder.HashCodeBuilder#522, 1, 3, 4, 9, 18, 8, 7, 1, 28, org.apache.commons.lang3.builder.HashCodeBuilder#173, org.apache.commons.lang3.builder.HashCodeBuilder#137/org.apache.commons.lang3.builder.IDKey#55/org.apache.commons.lang3.builder.IDKey#40
Lang, 33, Unknown, 0, 0, 0, 0, 0, 0, 0, 0, 0, , 
Lang, 34, org.apache.commons.lang3.builder.ToStringStyle#163, 1, 1, 2, 10, 41, 111, 84, 27, 222, org.apache.commons.lang3.builder.ToStringStyle#469, org.apache.commons.lang3.builder.ToStringStyle#148
Lang, 35, Unknown, 0, 0, 0, 0, 0, 0, 0, 0, 0, , 
Lang, 36, org.apache.commons.lang3.math.NumberUtils#1313, 1, 1, 2, 5, 14, 1, 0, 1, 22, org.apache.commons.lang3.math.NumberUtilsTest#1003, org.apache.commons.lang3.StringUtils#191
Lang, 37, Unknown, 0, 0, 0, 0, 0, 0, 0, 0, 0, , 
Lang, 38, org.apache.commons.lang3.time.FastDateFormat#871, 1, 1, 2, 1, 27, 34, 33, 1, 36, org.apache.commons.lang3.time.FastDateFormat#832, org.apache.commons.lang3.time.FastDateFormat#887
Lang, 39, Unknown, 0, 0, 0, 0, 0, 0, 0, 0, 0, , 
Lang, 40, Unknown, 0, 0, 0, 0, 0, 0, 0, 0, 0, , 
Lang, 41, Unknown, 0, 0, 0, 0, 0, 0, 0, 0, 0, , 
Lang, 42, org.apache.commons.lang.Entities#826, 1, 1, 2, 3, 7, 6, 5, 1, 12, org.apache.commons.lang.StringEscapeUtils#498, org.apache.commons.lang.Entities#766
Lang, 43, Unknown, 0, 0, 0, 0, 0, 0, 0, 0, 0, , 
Lang, 44, Unknown, 0, 0, 0, 0, 0, 0, 0, 0, 0, , 
Lang, 45, Unknown, 0, 0, 0, 0, 0, 0, 0, 0, 0, , 
Lang, 46, org.apache.commons.lang.StringEscapeUtils#155, 1, 1, 2, 0, 5, 5, 4, 1, 17, org.apache.commons.lang.StringEscapeUtils#86, org.apache.commons.lang.StringEscapeUtils#179
Lang, 47, org.apache.commons.lang.text.StrBuilder#1183, 1, 2, 3, 0, 10, 3, 2, 1, 12, org.apache.commons.lang.text.StrBuilderTest#1760, org.apache.commons.lang.text.StrBuilder#158/org.apache.commons.lang.text.StrBuilder#228
Lang, 48, Unknown, 0, 0, 0, 0, 0, 0, 0, 0, 0, , 
Lang, 49, Unknown, 0, 0, 0, 0, 0, 0, 0, 0, 0, , 
Lang, 50, org.apache.commons.lang.time.FastDateFormat#461, 2, 4, 6, 0, 40, 1, 0, 1, 9, org.apache.commons.lang.time.FastDateFormat#425/org.apache.commons.lang.time.FastDateFormat#408, org.apache.commons.lang.time.FastDateFormat$Pair#1738/org.apache.commons.lang.time.FastDateFormat$Pair#1717/org.apache.commons.lang.time.FastDateFormat$Pair#1708/org.apache.commons.lang.time.FastDateFormat#212
Lang, 51, Unknown, 0, 0, 0, 0, 0, 0, 0, 0, 0, , 
Lang, 52, Unknown, 0, 0, 0, 0, 0, 0, 0, 0, 0, , 
Lang, 53, Unknown, 0, 0, 0, 0, 0, 0, 0, 0, 0, , 
Lang, 54, Unknown, 0, 0, 0, 0, 0, 0, 0, 0, 0, , 
Lang, 55, Unknown, 0, 0, 0, 0, 0, 0, 0, 0, 0, , 
Lang, 56, Unknown, 0, 0, 0, 0, 0, 0, 0, 0, 0, , 
Lang, 57, Unknown, 0, 0, 0, 0, 0, 0, 0, 0, 0, , 
Lang, 58, Unknown, 0, 0, 0, 0, 0, 0, 0, 0, 0, , 
Lang, 59, Unknown, 0, 0, 0, 0, 0, 0, 0, 0, 0, , 
Lang, 60, Unknown, 0, 0, 0, 0, 0, 0, 0, 0, 0, , 
Lang, 61, Unknown, 0, 0, 0, 0, 0, 0, 0, 0, 0, , 
Lang, 62, Unknown, 0, 0, 0, 0, 0, 0, 0, 0, 0, , 
Lang, 63, org.apache.commons.lang.time.DurationFormatUtils#265, 1, 4, 5, 1, 15, 3, 2, 1, 8, org.apache.commons.lang.time.DurationFormatUtils#247, org.apache.commons.lang.time.DurationFormatUtils#380/org.apache.commons.lang.time.DurationFormatUtils$Token#528/org.apache.commons.lang.time.DurationFormatUtils#460/org.apache.commons.lang.time.DurationFormatUtils#433
Lang, 64, Unknown, 0, 0, 0, 0, 0, 0, 0, 0, 0, , 
Lang, 65, Unknown, 0, 0, 0, 0, 0, 0, 0, 0, 0, , 
Time, 1, org.joda.time.field.UnsupportedDurationField#227, 1, 1, 2, 3, 4, 7, 6, 1, 165, org.joda.time.field.UnsupportedDurationField#32, org.joda.time.field.BaseDurationField#66
Time, 2, org.joda.time.Partial#429, 1, 5, 6, 24, 13, 31, 30, 1, 194, org.joda.time.TestPartial_Basics#468, org.joda.time.base.AbstractPartial#170/org.joda.time.Partial#190/org.joda.time.field.UnsupportedDurationField#92/org.joda.time.DateTimeFieldType$StandardDateTimeFieldType#452/org.joda.time.DurationFieldType$StandardDurationFieldType#282
Time, 3, org.joda.time.MutableDateTime#660, 1, 5, 6, 48, 14, 3, 2, 1, 41, org.joda.time.TestMutableDateTime_Adds#223, org.joda.time.chrono.ZonedChronology$ZonedDurationField#315/org.joda.time.chrono.AssembledChronology#264/org.joda.time.base.BaseDateTime#295/org.joda.time.MutableDateTime#454/org.joda.time.base.BaseDateTime#304
Time, 4, org.joda.time.Partial#427, 1, 8, 9, 24, 15, 28, 27, 1, 31, org.joda.time.TestPartial_Basics#361, org.joda.time.base.AbstractPartial#170/org.joda.time.Partial#296/org.joda.time.field.BaseDurationField#66/org.joda.time.chrono.BaseChronology#183/org.joda.time.DateTimeFieldType$StandardDateTimeFieldType#452/org.joda.time.DateTimeFieldType$StandardDateTimeFieldType#457/org.joda.time.DurationFieldType$StandardDurationFieldType#282/org.joda.time.field.BaseDurationField#38
Time, 5, org.joda.time.Period#1617, 3, 13, 16, 30, 36, 21, 18, 3, 33, org.joda.time.TestPeriod_Basics#1521/org.joda.time.TestPeriod_Basics#1552/org.joda.time.TestPeriod_Basics#1528, org.joda.time.chrono.ISOChronology#77/org.joda.time.Period#746/org.joda.time.DateTimeUtils#318/org.joda.time.Period#783/org.joda.time.Period#737/org.joda.time.Period#895/org.joda.time.Period#774/org.joda.time.Period#801/org.joda.time.Period#764/org.joda.time.Period#444/org.joda.time.Period#755/org.joda.time.Period#792/org.joda.time.field.FieldUtils#64
Time, 6, org.joda.time.chrono.GJChronology$ImpreciseCutoverField#974, 2, 4, 6, 11, 8, 31, 27, 4, 87, org.joda.time.LocalDate$Property#1965/org.joda.time.chrono.GJChronology$LinkedDurationField#1099, org.joda.time.chrono.GJChronology$CutoverField#921/org.joda.time.chrono.BasicWeekyearDateTimeField#72/org.joda.time.chrono.BasicYearDateTimeField#58/org.joda.time.chrono.GJChronology#75
Time, 7, org.joda.time.format.DateTimeFormatter#701, 2, 11, 13, 14, 20, 25, 23, 2, 27, org.joda.time.format.TestDateTimeFormatter#930/org.joda.time.format.TestDateTimeFormatter#958, org.joda.time.tz.CachedDateTimeZone#103/org.joda.time.chrono.AssembledChronology#268/org.joda.time.format.DateTimeFormatterBuilder$Composite#2734/org.joda.time.base.BaseDateTime#295/org.joda.time.format.DateTimeParserBucket#120/org.joda.time.format.DateTimeFormatter#928/org.joda.time.chrono.AssembledChronology#107/org.joda.time.chrono.ZonedChronology$ZonedDateTimeField#403/org.joda.time.base.BaseDateTime#304/org.joda.time.format.DateTimeParserBucket#345/org.joda.time.format.DateTimeFormatter#943
Time, 8, org.joda.time.DateTimeZone#273, 1, 2, 3, 13, 14, 21, 20, 1, 81, org.joda.time.TestDateTimeZone#304, org.joda.time.DateTimeZone#304/org.joda.time.field.FieldUtils#119
Time, 9, org.joda.time.DateTimeZone#255, 1, 3, 4, 14, 15, 21, 20, 1, 112, org.joda.time.TestDateTimeZone#304, org.joda.time.DateTimeZone#283/org.joda.time.field.FieldUtils#119/org.joda.time.field.FieldUtils#64
Time, 10, Unknown, 0, 0, 0, 0, 0, 0, 0, 0, 0, , 
Time, 11, Unknown, 0, 0, 0, 0, 0, 0, 0, 0, 0, , 
Time, 12, org.joda.time.LocalDate#240, 2, 1, 3, 84, 24, 10, 8, 2, 37, org.joda.time.TestLocalDate_Constructors#151/org.joda.time.TestLocalDate_Constructors#143, org.joda.time.LocalDate#426
Time, 13, org.joda.time.format.PeriodFormatterBuilder$FieldFormatter#1089, 1, 3, 4, 28, 9, 86, 85, 1, 175, org.joda.time.format.PeriodFormatterBuilder$Composite#1797, org.joda.time.format.FormatUtils#336/org.joda.time.format.PeriodFormatterBuilder$FieldFormatter#1382/org.joda.time.format.PeriodFormatterBuilder$SimpleAffix#864
Time, 14, Unknown, 0, 0, 0, 0, 0, 0, 0, 0, 0, , 
Time, 15, Unknown, 0, 0, 0, 0, 0, 0, 0, 0, 0, , 
Time, 16, Unknown, 0, 0, 0, 0, 0, 0, 0, 0, 0, , 
Time, 17, Unknown, 0, 0, 0, 0, 0, 0, 0, 0, 0, , 
Time, 18, Unknown, 0, 0, 0, 0, 0, 0, 0, 0, 0, , 
Time, 19, org.joda.time.DateTimeZone#882, 1, 1, 2, 7, 5, 736, 735, 1, 752, org.joda.time.chrono.ZonedChronology#139, org.joda.time.tz.CachedDateTimeZone#111
Time, 20, org.joda.time.format.DateTimeFormatterBuilder$TimeZoneId#2541, 1, 2, 3, 7, 6, 9, 8, 1, 25, org.joda.time.format.DateTimeFormatterBuilder$Composite#2682, org.joda.time.format.DateTimeParserBucket#159/org.joda.time.DateTimeZone#204
Time, 21, org.joda.time.tz.DefaultNameProvider#53, 2, 2, 4, 3, 7, 26, 24, 2, 37, org.joda.time.tz.DefaultNameProvider#43/org.joda.time.tz.DefaultNameProvider#48, org.joda.time.DateTimeUtils#365/org.joda.time.tz.DefaultNameProvider#89
Time, 22, org.joda.time.base.BasePeriod#222, 1, 1, 2, 14, 8, 50, 48, 2, 57, org.joda.time.Period#382, org.joda.time.base.BasePeriod#239
Time, 23, Unknown, 0, 0, 0, 0, 0, 0, 0, 0, 0, , 
Time, 24, org.joda.time.format.DateTimeParserBucket#332, 1, 7, 8, 19, 19, 276, 269, 7, 287, org.joda.time.format.DateTimeFormatter#795, org.joda.time.format.DateTimeParserBucket#399/org.joda.time.DurationFieldType#178/org.joda.time.format.DateTimeParserBucket$SavedField#465/org.joda.time.DurationFieldType#151/org.joda.time.format.DateTimeParserBucket#494/org.joda.time.chrono.GJChronology$CutoverField#751/org.joda.time.DurationFieldType$StandardDurationFieldType#264
Time, 25, org.joda.time.DateTimeZone#881, 2, 2, 4, 4, 3, 724, 721, 3, 724, org.joda.time.chrono.ZonedChronology#139/org.joda.time.TestDateTimeZoneCutover#1229, org.joda.time.tz.CachedDateTimeZone#111/org.joda.time.tz.CachedDateTimeZone#123
Time, 26, Unknown, 0, 0, 0, 0, 0, 0, 0, 0, 0, , 
Time, 27, org.joda.time.format.PeriodFormatterBuilder#795, 2, 6, 8, 21, 46, 78, 77, 1, 80, org.joda.time.format.PeriodFormatterBuilder#795/org.joda.time.format.PeriodFormatterBuilder#123, org.joda.time.format.PeriodFormatter#146/org.joda.time.format.PeriodFormatter#87/org.joda.time.format.PeriodFormatterBuilder#795/org.joda.time.format.PeriodFormatterBuilder$Separator#1748/org.joda.time.format.PeriodFormatter#128/org.joda.time.format.PeriodFormatterBuilder#816
Closure, 1, com.google.javascript.jscomp.RemoveUnusedVars#380, 1, 12, 13, 88, 34, 99, 91, 8, 107, com.google.javascript.jscomp.RemoveUnusedVars#169, com.google.javascript.rhino.Node$StringNode#209/com.google.javascript.jscomp.Compiler#1984/com.google.javascript.jscomp.RemoveUnusedVars#413/com.google.common.base.Preconditions#132/com.google.javascript.jscomp.Scope$Var#303/com.google.javascript.jscomp.Scope#433/com.google.javascript.rhino.Node#1305/com.google.javascript.rhino.Node#691/com.google.javascript.rhino.Node#2238/com.google.javascript.jscomp.Scope#529/com.google.javascript.jscomp.NodeUtil#2137/com.google.javascript.rhino.Node#536
Closure, 2, com.google.javascript.jscomp.TypeCheck#1570, 1, 1, 2, 49, 15, 17, 16, 1, 17, com.google.javascript.jscomp.TypeCheck#1602, com.google.javascript.rhino.jstype.ProxyObjectType#256
Closure, 3, com.google.javascript.jscomp.FlowSensitiveInlineVariables$Candidate#282, 1, 23, 24, 52, 38, 72, 69, 3, 255, com.google.javascript.jscomp.FlowSensitiveInlineVariables$Candidate#250, com.google.javascript.rhino.Node#2162/com.google.javascript.jscomp.NodeUtil#784/com.google.javascript.jscomp.CheckPathsBetweenNodes#122/com.google.javascript.jscomp.FlowSensitiveInlineVariables$Candidate$1#364/com.google.javascript.jscomp.FlowSensitiveInlineVariables$Candidate$2#379/com.google.javascript.jscomp.graph.LinkedDirectedGraph#113/com.google.javascript.jscomp.NodeUtil#1644/com.google.javascript.rhino.Node#1305/com.google.javascript.jscomp.MaybeReachingVariableUse#297/com.google.javascript.jscomp.CheckPathsBetweenNodes#87/com.google.javascript.rhino.Node#2238/com.google.common.collect.AbstractMultimap$WrappedCollection#476/com.google.common.base.Predicates#59/com.google.javascript.jscomp.FlowSensitiveInlineVariables$Candidate#475/com.google.javascript.jscomp.NodeUtil#1584/com.google.javascript.jscomp.FlowSensitiveInlineVariables$Candidate#445/com.google.javascript.jscomp.Scope$Var#303/com.google.javascript.jscomp.NodeUtil#2680/com.google.javascript.jscomp.FlowSensitiveInlineVariables#60/com.google.javascript.rhino.Node#536/com.google.javascript.jscomp.NodeUtil#1738/com.google.javascript.rhino.Node#540/com.google.javascript.jscomp.FlowSensitiveInlineVariables$Candidate#277
Closure, 4, com.google.javascript.rhino.jstype.NamedType#189, 1, 6, 7, 19, 16, 335, 332, 3, 335, com.google.javascript.rhino.jstype.JSType#1420, com.google.javascript.rhino.jstype.NamedType#147/com.google.javascript.rhino.jstype.NamedType#134/com.google.javascript.rhino.jstype.ObjectType#179/com.google.javascript.rhino.jstype.JSTypeRegistry#796/com.google.javascript.rhino.jstype.ProxyObjectType#327/com.google.javascript.rhino.jstype.NamedType#220
Closure, 5, com.google.javascript.jscomp.InlineObjectLiterals$InliningBehavior#156, 1, 18, 19, 77, 29, 57, 56, 1, 58, com.google.javascript.jscomp.InlineObjectLiterals$InliningBehavior#85, com.google.javascript.jscomp.ReferenceCollectingCallback$Reference#602/com.google.javascript.rhino.Node#2178/com.google.javascript.rhino.Node$StringNode#209/com.google.javascript.rhino.Node#1305/com.google.javascript.rhino.Node#2242/com.google.javascript.rhino.Node#2250/com.google.javascript.jscomp.InlineObjectLiterals$InliningBehavior#256/com.google.javascript.jscomp.ReferenceCollectingCallback$Reference#598/com.google.javascript.jscomp.ReferenceCollectingCallback$Reference#588/com.google.javascript.jscomp.ReferenceCollectingCallback$Reference#544/com.google.common.base.Preconditions#132/com.google.javascript.rhino.Node#536/com.google.javascript.rhino.Node#532/com.google.javascript.rhino.Node#2306/com.google.common.collect.Sets#176/com.google.javascript.rhino.Node#540/com.google.javascript.jscomp.NodeUtil#1727/com.google.javascript.rhino.Node#2330
Closure, 6, com.google.javascript.jscomp.TypeValidator#404, 3, 3, 6, 56, 15, 1554, 1551, 3, 3779, com.google.javascript.jscomp.TypeCheck#1860/com.google.javascript.jscomp.TypeCheck#1478/com.google.javascript.jscomp.TypeCheck#871, com.google.javascript.rhino.jstype.JSType#846/com.google.javascript.jscomp.TypeValidator#668/com.google.javascript.rhino.jstype.FunctionType#191
Closure, 7, Unknown, 0, 0, 0, 0, 0, 0, 0, 0, 0, , 
Closure, 8, com.google.javascript.jscomp.CollapseVariableDeclarations$GatherCollapses#182, 1, 6, 7, 23, 10, 58, 57, 1, 96, com.google.javascript.jscomp.CollapseVariableDeclarations$GatherCollapses#138, com.google.javascript.rhino.Node$StringNode#209/com.google.javascript.jscomp.NodeTraversal#597/com.google.javascript.jscomp.Scope#535/com.google.javascript.jscomp.Scope$Var#308/com.google.javascript.rhino.Node#532/com.google.javascript.rhino.Node#540
Closure, 9, Unknown, 0, 0, 0, 0, 0, 0, 0, 0, 0, , 
Closure, 10, com.google.javascript.jscomp.NodeUtil#1416, 3, 2, 5, 41, 31, 30, 29, 1, 44, com.google.javascript.jscomp.PeepholeFoldConstants#828/com.google.javascript.jscomp.PeepholeFoldConstants#704/com.google.javascript.jscomp.NodeUtil#1412, com.google.javascript.jscomp.NodeUtil#1424/com.google.javascript.jscomp.NodeUtil#1262
Closure, 11, com.google.javascript.jscomp.TypeCheck#1308, 1, 11, 12, 158, 46, 2263, 2261, 2, 2266, com.google.javascript.jscomp.TypeCheck#465, com.google.javascript.rhino.Node#2186/com.google.javascript.jscomp.TypeCheck#1860/com.google.javascript.jscomp.TypeCheck#1837/com.google.javascript.rhino.Node$StringNode#221/com.google.javascript.jscomp.TypeCheck#1921/com.google.javascript.rhino.Node#1834/com.google.javascript.jscomp.TypeValidator#256/com.google.javascript.rhino.jstype.JSType#270/com.google.javascript.jscomp.TypeCheck#1336/com.google.javascript.rhino.Node#548/com.google.javascript.rhino.Node#544
Closure, 12, Unknown, 0, 0, 0, 0, 0, 0, 0, 0, 0, , 
Closure, 13, Unknown, 0, 0, 0, 0, 0, 0, 0, 0, 0, , 
Closure, 14, com.google.javascript.jscomp.ControlFlowAnalysis#712, 2, 15, 17, 113, 60, 3008, 3005, 3, 3056, com.google.javascript.jscomp.ControlFlowAnalysis#675/com.google.javascript.jscomp.ControlFlowAnalysis#712, com.google.javascript.jscomp.ControlFlowAnalysis#820/com.google.common.collect.AbstractMultimap$WrappedCollection#494/com.google.javascript.jscomp.ControlFlowAnalysis#797/com.google.common.collect.AbstractSetMultimap#34/com.google.javascript.jscomp.NodeUtil#2750/com.google.javascript.jscomp.NodeUtil#2759/com.google.common.collect.AbstractMultimap$WrappedCollection$WrappedIterator#524/com.google.javascript.jscomp.ControlFlowAnalysis#712/com.google.common.collect.AbstractMultimap$WrappedCollection$WrappedIterator#530/com.google.javascript.rhino.Node#1324/com.google.javascript.rhino.Node#2255/com.google.javascript.rhino.Node#529/com.google.javascript.rhino.Node#545/com.google.javascript.rhino.Node#549/com.google.javascript.rhino.Node#541
Closure, 15, Unknown, 0, 0, 0, 0, 0, 0, 0, 0, 0, , 
Closure, 16, com.google.javascript.jscomp.ScopedAliases$AliasedTypeNode#180, 1, 1, 2, 3, 3, 18, 16, 2, 38, com.google.javascript.jscomp.ScopedAliases#108, com.google.javascript.rhino.Node$StringNode#227
Closure, 17, com.google.javascript.jscomp.TypedScopeCreator$AbstractScopeBuilder#1269, 3, 11, 14, 179, 38, 2487, 2486, 1, 2597, com.google.javascript.jscomp.TypedScopeCreator$AbstractScopeBuilder#660/com.google.javascript.jscomp.TypedScopeCreator$AbstractScopeBuilder#1466/com.google.javascript.jscomp.TypedScopeCreator$AbstractScopeBuilder#788, com.google.javascript.rhino.JSDocInfo#515/com.google.javascript.jscomp.TypedScopeCreator$AbstractScopeBuilder#809/com.google.javascript.rhino.jstype.ObjectType#508/com.google.javascript.jscomp.TypedScopeCreator$AbstractScopeBuilder#697/com.google.javascript.rhino.Node#2255/com.google.javascript.rhino.JSDocInfo#1042/com.google.javascript.rhino.JSDocInfo#1050/com.google.javascript.rhino.JSDocInfo#450/com.google.javascript.rhino.JSDocInfo#442/com.google.javascript.rhino.Node#1831/com.google.javascript.rhino.jstype.JSType#290
Closure, 18, com.google.javascript.jscomp.Compiler#1241, 1, 12, 13, 116, 81, 3937, 3936, 1, 3944, com.google.javascript.jscomp.IntegrationTestCase#197, com.google.javascript.jscomp.Compiler#2097/com.google.javascript.jscomp.CompilerInput#116/com.google.javascript.jscomp.DependencyOptions#120/com.google.javascript.rhino.Node#1924/com.google.javascript.jscomp.Compiler#1368/com.google.javascript.rhino.Node#609/com.google.javascript.rhino.IR#103/com.google.javascript.rhino.IR#92/com.google.javascript.jscomp.CompilerOptions$TracerMode#1977/com.google.javascript.jscomp.Compiler#1410/com.google.javascript.jscomp.Compiler#914/com.google.javascript.jscomp.Compiler#905
Closure, 19, com.google.javascript.jscomp.type.ChainableReverseAbstractInterpreter#158, 1, 2, 3, 17, 13, 454, 453, 1, 454, com.google.javascript.jscomp.type.ClosureReverseAbstractInterpreter#234, com.google.javascript.rhino.Node#529/com.google.javascript.rhino.Node#1011
Closure, 20, com.google.javascript.jscomp.PeepholeSubstituteAlternateSyntax#209, 1, 13, 14, 34, 23, 130, 129, 1, 131, com.google.javascript.jscomp.PeepholeSubstituteAlternateSyntax#78, com.google.javascript.rhino.Node#714/com.google.javascript.rhino.IR#443/com.google.javascript.rhino.Node#2199/com.google.javascript.rhino.Node$StringNode#218/com.google.javascript.rhino.Node#1775/com.google.javascript.rhino.Node#1324/com.google.javascript.rhino.IR#390/com.google.javascript.rhino.Node#2299/com.google.javascript.jscomp.AbstractPeepholeOptimization#62/com.google.common.base.Preconditions#128/com.google.javascript.rhino.Node#1625/com.google.javascript.rhino.Node#549/com.google.javascript.rhino.Node#541
Closure, 21, com.google.javascript.jscomp.CheckSideEffects#89, 1, 20, 21, 48, 32, 374, 373, 1, 374, com.google.javascript.jscomp.NodeTraversal#478, com.google.javascript.rhino.Node#2351/com.google.javascript.rhino.Node$AncestorIterable$1#1363/com.google.javascript.rhino.Node$AncestorIterable$1#1366/com.google.javascript.jscomp.Compiler#2030/com.google.javascript.jscomp.NodeTraversal#671/com.google.javascript.jscomp.NodeUtil#781/com.google.javascript.jscomp.NodeTraversal#401/com.google.javascript.jscomp.NodeUtil#3112/com.google.javascript.jscomp.NodeUtil#712/com.google.javascript.rhino.Token#181/com.google.javascript.rhino.Node#1589/com.google.javascript.rhino.Node#1345/com.google.javascript.rhino.Node#2211/com.google.javascript.rhino.Node#2243/com.google.javascript.rhino.Node#2239/com.google.javascript.rhino.Node$AncestorIterable#1363/com.google.javascript.rhino.Node#1873/com.google.javascript.rhino.Node#529/com.google.javascript.rhino.Node#545/com.google.javascript.jscomp.NodeUtil#1711
Closure, 22, com.google.javascript.jscomp.CheckSideEffects#89, 1, 21, 22, 49, 32, 374, 373, 1, 374, com.google.javascript.jscomp.NodeTraversal#478, com.google.javascript.rhino.Node#2351/com.google.javascript.rhino.Node$AncestorIterable$1#1363/com.google.javascript.rhino.Node$AncestorIterable$1#1366/com.google.javascript.jscomp.Compiler#2030/com.google.javascript.jscomp.NodeTraversal#671/com.google.javascript.jscomp.NodeUtil#781/com.google.javascript.jscomp.NodeTraversal#401/com.google.javascript.rhino.Node#2199/com.google.javascript.jscomp.NodeUtil#3112/com.google.javascript.jscomp.NodeUtil#712/com.google.javascript.rhino.Token#181/com.google.javascript.rhino.Node#1324/com.google.javascript.rhino.Node#1589/com.google.javascript.rhino.Node#1345/com.google.javascript.rhino.Node#2211/com.google.javascript.rhino.Node#2243/com.google.javascript.rhino.Node#2239/com.google.javascript.rhino.Node$AncestorIterable#1363/com.google.javascript.rhino.Node#529/com.google.javascript.rhino.Node#545/com.google.javascript.jscomp.NodeUtil#1711
Closure, 23, Unknown, 0, 0, 0, 0, 0, 0, 0, 0, 0, , 
Closure, 24, com.google.javascript.jscomp.ScopedAliases$Traversal#273, 1, 15, 16, 60, 30, 45, 44, 1, 45, com.google.javascript.jscomp.ScopedAliases$Traversal#222, com.google.javascript.rhino.Node#2381/com.google.javascript.jscomp.ScopedAliases$Traversal#268/com.google.javascript.jscomp.CompilerOptions$NullAliasTransformationHandler$NullAliasTransformation#2080/com.google.javascript.jscomp.Scope$Var#157/com.google.javascript.rhino.Node$StringNode#218/com.google.javascript.jscomp.Scope$Var#239/com.google.javascript.jscomp.Scope#585/com.google.javascript.rhino.Node#1568/com.google.javascript.rhino.Node#1324/com.google.javascript.rhino.Node#1588/com.google.javascript.jscomp.NodeTraversal#596/com.google.javascript.jscomp.Scope#540/com.google.javascript.rhino.Node#537/com.google.javascript.rhino.Node#529/com.google.javascript.rhino.Node#541
Closure, 25, com.google.javascript.jscomp.TypeInference#1037, 1, 10, 11, 95, 27, 531, 530, 1, 587, com.google.javascript.jscomp.TypeInference#252, com.google.javascript.jscomp.TypeInference#252/com.google.javascript.rhino.jstype.FunctionType#996/com.google.javascript.rhino.jstype.JSType#960/com.google.javascript.rhino.Node#1833/com.google.javascript.rhino.Node#1829/com.google.javascript.rhino.jstype.FunctionType#199/com.google.javascript.rhino.jstype.FunctionType#184/com.google.javascript.rhino.Node#549/com.google.javascript.rhino.Node#541/com.google.javascript.rhino.jstype.ObjectType#493
Closure, 26, com.google.javascript.jscomp.ProcessCommonJSModules$ProcessCommonJsModulesCallback#208, 1, 10, 11, 54, 16, 9, 2, 7, 28, com.google.javascript.jscomp.ProcessCommonJSModules$ProcessCommonJsModulesCallback#173, com.google.javascript.rhino.IR#296/com.google.javascript.rhino.IR#420/com.google.javascript.rhino.Node#1707/com.google.javascript.rhino.Node#1752/com.google.javascript.rhino.IR#152/com.google.javascript.rhino.IR#157/com.google.javascript.rhino.Node#609/com.google.javascript.rhino.IR#300/com.google.javascript.rhino.IR#97/com.google.javascript.rhino.IR#312
Closure, 27, com.google.javascript.rhino.IR#224, 1, 2, 3, 15, 13, 1, 0, 1, 5, com.google.javascript.rhino.IRTest#48, com.google.javascript.rhino.Node#2293/com.google.common.base.Preconditions#128
Closure, 28, Unknown, 0, 0, 0, 0, 0, 0, 0, 0, 0, , 
Closure, 29, com.google.javascript.jscomp.InlineObjectLiterals$InliningBehavior#156, 1, 15, 16, 108, 27, 51, 46, 5, 56, com.google.javascript.jscomp.InlineObjectLiterals$InliningBehavior#85, com.google.javascript.jscomp.NodeUtil#1699/com.google.javascript.jscomp.InlineObjectLiterals$InliningBehavior#243/com.google.javascript.jscomp.ReferenceCollectingCallback$Reference#598/com.google.javascript.jscomp.ReferenceCollectingCallback$Reference#588/com.google.javascript.jscomp.ReferenceCollectingCallback$Reference#544/com.google.common.base.Preconditions#128/com.google.javascript.jscomp.ReferenceCollectingCallback$Reference#602/com.google.javascript.rhino.Node#2197/com.google.javascript.rhino.Node#1324/com.google.javascript.rhino.Node#2265/com.google.javascript.rhino.Node#2257/com.google.javascript.rhino.Node#549/com.google.javascript.rhino.Node#541/com.google.javascript.rhino.Node#2321/com.google.javascript.rhino.Node#2345
Closure, 30, com.google.javascript.jscomp.MustBeReachingVariableDef#426, 1, 8, 9, 57, 25, 69, 66, 3, 305, com.google.javascript.jscomp.FlowSensitiveInlineVariables$GatherCandiates$1#192, com.google.javascript.jscomp.graph.LinkedDirectedGraph#118/com.google.javascript.jscomp.DataFlowAnalysis$FlowState#349/com.google.javascript.jscomp.Scope#540/com.google.javascript.jscomp.graph.Graph#192/com.google.javascript.jscomp.DataFlowAnalysis#139/com.google.javascript.jscomp.graph.LinkedDirectedGraph$AnnotatedLinkedDirectedGraphNode#444/com.google.javascript.jscomp.Scope$Var#328/com.google.common.base.Preconditions#71
Closure, 31, com.google.javascript.jscomp.Compiler#1237, 1, 11, 12, 113, 80, 3842, 3841, 1, 3848, com.google.javascript.jscomp.CommandLineRunnerTest#1140, com.google.javascript.jscomp.Compiler#2050/com.google.javascript.jscomp.CompilerInput#116/com.google.javascript.jscomp.DependencyOptions#120/com.google.javascript.rhino.Node#1920/com.google.javascript.rhino.Node#609/com.google.javascript.rhino.IR#103/com.google.javascript.rhino.IR#92/com.google.javascript.jscomp.CompilerOptions$TracerMode#1945/com.google.javascript.rhino.Node#1869/com.google.javascript.jscomp.Compiler#910/com.google.javascript.jscomp.Compiler#901
Closure, 32, com.google.javascript.jscomp.parsing.JsDocInfoParser#1332, 1, 8, 9, 76, 49, 221, 217, 4, 245, com.google.javascript.jscomp.parsing.JsDocInfoParser#188, com.google.javascript.rhino.JSDocInfoBuilder#169/com.google.javascript.jscomp.parsing.JsDocTokenStream#229/com.google.javascript.jscomp.parsing.JsDocTokenStream#226/com.google.javascript.jscomp.parsing.JsDocInfoParser#2273/com.google.javascript.jscomp.parsing.JsDocTokenStream#204/com.google.javascript.jscomp.parsing.JsDocInfoParser#1173/com.google.javascript.jscomp.parsing.JsDocInfoParser$ExtractionInfo#1251/com.google.javascript.jscomp.parsing.JsDocTokenStream#327
Closure, 33, com.google.javascript.rhino.jstype.PrototypeObjectType#567, 2, 8, 10, 128, 36, 260, 259, 1, 340, com.google.javascript.rhino.jstype.UnionType#592/com.google.javascript.jscomp.TypeInference#1115, com.google.javascript.rhino.jstype.PrototypeObjectType#184/com.google.javascript.rhino.jstype.PrototypeObjectType#179/com.google.javascript.rhino.jstype.PrototypeObjectType#169/com.google.javascript.rhino.jstype.JSType#111/com.google.javascript.rhino.jstype.JSType#318/com.google.javascript.rhino.jstype.PrototypeObjectType#213/com.google.javascript.rhino.jstype.ObjectType#294/com.google.javascript.rhino.jstype.JSType#684
Closure, 34, com.google.javascript.jscomp.CodeGenerator#86, 2, 11, 13, 14, 16, 3661, 3660, 1, 3771, com.google.javascript.jscomp.CodeGenerator#884/com.google.javascript.jscomp.CodeGenerator#82, com.google.common.base.Preconditions#171/com.google.javascript.jscomp.CodeConsumer#53/com.google.javascript.jscomp.NodeUtil#2124/com.google.javascript.jscomp.CodeGenerator#1176/com.google.javascript.jscomp.NodeUtil#1437/com.google.javascript.jscomp.CodeGenerator#884/com.google.javascript.rhino.Node#528/com.google.javascript.rhino.Node#540/com.google.javascript.rhino.Node#1405/com.google.javascript.rhino.Node#544/com.google.javascript.jscomp.NodeUtil#1162
Closure, 35, com.google.javascript.jscomp.TypeInference#1115, 1, 4, 5, 169, 36, 1049, 1048, 1, 1099, com.google.javascript.jscomp.TypeInference#418, com.google.javascript.rhino.jstype.ObjectType#542/com.google.javascript.rhino.jstype.UnionType#220/com.google.javascript.rhino.jstype.JSType#318/com.google.javascript.rhino.jstype.JSType#960
Closure, 36, Unknown, 0, 0, 0, 0, 0, 0, 0, 0, 0, , 
Closure, 37, Unknown, 0, 0, 0, 0, 0, 0, 0, 0, 0, , 
Closure, 38, com.google.javascript.jscomp.CodeConsumer#243, 1, 3, 4, 13, 16, 1665, 1664, 1, 1665, com.google.javascript.jscomp.CodeGenerator#86, com.google.javascript.jscomp.CodePrinter$MappedCodePrinter#207/com.google.javascript.jscomp.CodeConsumer#270/com.google.javascript.jscomp.CodeConsumer#182
Closure, 39, com.google.javascript.rhino.jstype.PrototypeObjectType#354, 3, 7, 10, 19, 20, 162, 160, 2, 197, com.google.javascript.rhino.jstype.JSType#1149/com.google.javascript.rhino.jstype.ProxyObjectType#258/com.google.javascript.rhino.jstype.JSType#1165, com.google.javascript.rhino.jstype.PrototypeObjectType#213/com.google.javascript.rhino.jstype.PrototypeObjectType#179/com.google.javascript.rhino.jstype.RecordType#122/com.google.javascript.rhino.jstype.JSType#1149/com.google.common.collect.Sets#285/com.google.javascript.rhino.jstype.PrototypeObjectType#440/com.google.javascript.rhino.jstype.PrototypeObjectType#512
Closure, 40, com.google.javascript.jscomp.NameAnalyzer$FindDeclarationsAndSetters#599, 1, 10, 11, 16, 14, 307, 305, 2, 308, com.google.javascript.jscomp.NodeTraversal#478, com.google.javascript.rhino.Node#2161/com.google.javascript.rhino.Node#2177/com.google.javascript.jscomp.NodeTraversal#635/com.google.javascript.jscomp.NodeUtil#2043/com.google.javascript.jscomp.NodeUtil#1865/com.google.javascript.jscomp.NameAnalyzer$FindDeclarationsAndSetters#652/com.google.javascript.jscomp.NameAnalyzer#76/com.google.common.base.Preconditions#186/com.google.javascript.jscomp.NodeUtil#1515/com.google.javascript.rhino.Node#540
Closure, 41, com.google.javascript.jscomp.FunctionTypeBuilder#244, 1, 13, 14, 115, 38, 2445, 2442, 3, 4997, com.google.javascript.jscomp.TypedScopeCreator$AbstractScopeBuilder#850, com.google.javascript.rhino.jstype.FunctionParamBuilder#54/com.google.javascript.rhino.jstype.FunctionParamBuilder#115/com.google.javascript.rhino.jstype.FunctionType#270/com.google.javascript.rhino.jstype.FunctionType#266/com.google.javascript.rhino.jstype.FunctionType#220/com.google.javascript.rhino.Node$SiblingNodeIterable#1239/com.google.javascript.rhino.Node$SiblingNodeIterable#1253/com.google.javascript.rhino.jstype.FunctionParamBuilder#130/com.google.javascript.rhino.Node#1868/com.google.javascript.rhino.Node#1886/com.google.javascript.rhino.Node#532/com.google.javascript.rhino.Node#540/com.google.javascript.rhino.Node$SiblingNodeIterable#1269
Closure, 42, Unknown, 0, 0, 0, 0, 0, 0, 0, 0, 0, , 
Closure, 43, Unknown, 0, 0, 0, 0, 0, 0, 0, 0, 0, , 
Closure, 44, com.google.javascript.jscomp.CodeConsumer#182, 2, 4, 6, 12, 15, 3351, 3350, 1, 3351, com.google.javascript.jscomp.CodeConsumer#62/com.google.javascript.jscomp.CodeGenerator#74, com.google.javascript.jscomp.CodePrinter$CompactCodePrinter#416/com.google.javascript.jscomp.CodeConsumer#154/com.google.javascript.jscomp.CodeConsumer#271/com.google.javascript.jscomp.CodePrinter$MappedCodePrinter#184
Closure, 45, com.google.javascript.jscomp.RemoveUnusedVars$Assign#898, 1, 7, 8, 23, 10, 60, 59, 1, 218, com.google.javascript.jscomp.RemoveUnusedVars$Assign#916, com.google.javascript.rhino.Node#1298/com.google.javascript.jscomp.NodeUtil#771/com.google.javascript.jscomp.NodeUtil#1437/com.google.javascript.rhino.Node#2213/com.google.common.base.Preconditions#128/com.google.javascript.rhino.Node#536/com.google.javascript.rhino.Node#532
Closure, 46, Unknown, 0, 0, 0, 0, 0, 0, 0, 0, 0, , 
Closure, 47, com.google.debugging.sourcemap.SourceMapConsumerV3#483, 1, 10, 11, 38, 44, 8, 0, 8, 180, com.google.debugging.sourcemap.SourceMapConsumerV3#208, com.google.debugging.sourcemap.SourceMapConsumerV3$UnnamedEntry#644/com.google.debugging.sourcemap.SourceMapConsumerV3$UnnamedEntry#649/com.google.debugging.sourcemap.proto.Mapping$OriginalMapping$Builder#1073/com.google.debugging.sourcemap.proto.Mapping$OriginalMapping$Builder#1052/com.google.debugging.sourcemap.proto.Mapping$OriginalMapping$Builder#1023/com.google.debugging.sourcemap.SourceMapConsumerV3$NamedEntry#672/com.google.debugging.sourcemap.proto.Mapping$OriginalMapping$Builder#1101/com.google.debugging.sourcemap.proto.Mapping$OriginalMapping$Builder#885/com.google.debugging.sourcemap.SourceMapConsumerV3$UnnamedEntry#639/com.google.debugging.sourcemap.proto.Mapping$OriginalMapping#815
Closure, 48, com.google.javascript.jscomp.TypedScopeCreator$AbstractScopeBuilder#1418, 2, 22, 24, 177, 51, 2226, 2225, 1, 2424, com.google.javascript.jscomp.TypedScopeCreator$GlobalScopeBuilder#1720/com.google.javascript.jscomp.TypedScopeCreator$AbstractScopeBuilder#488, com.google.javascript.jscomp.NodeTraversal#426/com.google.javascript.jscomp.NodeTraversal#433/com.google.javascript.rhino.jstype.PrototypeObjectType#174/com.google.javascript.jscomp.FunctionTypeBuilder#694/com.google.javascript.jscomp.CompilerInput#319/com.google.javascript.rhino.Node$StringNode#207/com.google.javascript.rhino.jstype.JSType#386/com.google.javascript.jscomp.Scope#564/com.google.javascript.rhino.jstype.PrototypeObjectType#512/com.google.javascript.jscomp.TypedScopeCreator$AbstractScopeBuilder#1569/com.google.javascript.rhino.JSDocInfo#1029/com.google.javascript.rhino.JSDocInfo#1037/com.google.javascript.rhino.JSDocInfo#437/com.google.javascript.rhino.Node#2278/com.google.javascript.rhino.Node#1874/com.google.javascript.rhino.Node#1621/com.google.javascript.rhino.Node#534/com.google.javascript.rhino.Node#530/com.google.javascript.rhino.jstype.ObjectType#273/com.google.javascript.jscomp.TypedScopeCreator$AbstractScopeBuilder#1030/com.google.common.base.Preconditions#71/com.google.javascript.jscomp.TypedScopeCreator$AbstractScopeBuilder#1228
Closure, 49, com.google.javascript.jscomp.MakeDeclaredNamesUnique#116, 1, 7, 8, 72, 52, 1529, 1463, 66, 4653, com.google.javascript.jscomp.NodeTraversal#472, com.google.javascript.jscomp.NodeUtil#1951/com.google.javascript.jscomp.MakeDeclaredNamesUnique$ContextualRenamer#457/com.google.javascript.jscomp.MakeDeclaredNamesUnique$ContextualRenamer#449/com.google.javascript.jscomp.MakeDeclaredNamesUnique$InlineRenamer#558/com.google.javascript.rhino.Node#636/com.google.javascript.rhino.Node#624/com.google.javascript.rhino.Node$StringNode#313
Closure, 50, com.google.javascript.jscomp.PeepholeReplaceKnownMethods#368, 1, 19, 20, 35, 30, 35, 33, 2, 37, com.google.javascript.jscomp.PeepholeReplaceKnownMethods#49, com.google.javascript.rhino.Node#704/com.google.javascript.jscomp.NodeUtil#179/com.google.common.collect.Lists#204/com.google.javascript.rhino.Node#644/com.google.javascript.jscomp.InlineCostEstimator#39/com.google.javascript.rhino.Node#1543/com.google.javascript.rhino.Node#2031/com.google.javascript.rhino.Node#608/com.google.javascript.rhino.Node#636/com.google.javascript.rhino.Node#624/com.google.javascript.jscomp.AbstractPeepholeOptimization#62/com.google.javascript.rhino.Node$StringNode#313/com.google.common.base.Preconditions#186/com.google.javascript.jscomp.NodeUtil#1519/com.google.javascript.jscomp.NodeUtil#239/com.google.javascript.rhino.Node#797/com.google.javascript.jscomp.NodeUtil#486/com.google.javascript.rhino.Node#1461/com.google.javascript.rhino.Node#2101
Closure, 51, com.google.javascript.jscomp.CodeConsumer#236, 1, 2, 3, 14, 14, 1587, 1586, 1, 1587, com.google.javascript.jscomp.CodeGenerator#86, com.google.javascript.jscomp.CodePrinter$MappedCodePrinter#184/com.google.javascript.jscomp.CodeConsumer#182
Closure, 52, Unknown, 0, 0, 0, 0, 0, 0, 0, 0, 0, , 
Closure, 53, com.google.javascript.jscomp.InlineObjectLiterals$InliningBehavior#306, 1, 12, 13, 63, 24, 9, 8, 1, 9, com.google.javascript.jscomp.InlineObjectLiterals$InliningBehavior#371, com.google.javascript.jscomp.InlineObjectLiterals$InliningBehavior#115/com.google.common.collect.Lists#721/com.google.common.collect.Sets#263/com.google.javascript.rhino.Node#693/com.google.javascript.rhino.Node#456/com.google.javascript.rhino.Node#636/com.google.javascript.rhino.Node#624/com.google.javascript.jscomp.ReferenceCollectingCallback$Reference#581/com.google.common.collect.Lists#74/com.google.common.base.Preconditions#128/com.google.common.collect.Lists$ReverseList#774/com.google.common.collect.Lists$ReverseList#782
Closure, 54, com.google.javascript.jscomp.TypedScopeCreator$AbstractScopeBuilder#1375, 1, 22, 23, 171, 50, 2190, 2187, 3, 8559, com.google.javascript.jscomp.TypedScopeCreator$GlobalScopeBuilder#1648, com.google.javascript.rhino.JSDocInfo#935/com.google.javascript.jscomp.Scope$Var#196/com.google.javascript.rhino.Node#1939/com.google.javascript.rhino.jstype.JSType#351/com.google.javascript.jscomp.Scope$Var#297/com.google.javascript.jscomp.TypedScopeCreator$AbstractScopeBuilder#1014/com.google.javascript.jscomp.TypedScopeCreator$AbstractScopeBuilder#1497/com.google.javascript.rhino.jstype.ObjectType#270/com.google.common.base.Preconditions#71/com.google.javascript.rhino.jstype.PrototypeObjectType#586/com.google.javascript.jscomp.NodeTraversal#408/com.google.javascript.jscomp.NodeTraversal#415/com.google.javascript.rhino.Node#2192/com.google.javascript.rhino.jstype.PrototypeObjectType#176/com.google.javascript.jscomp.CompilerInput#319/com.google.javascript.rhino.Node#640/com.google.javascript.jscomp.Scope#505/com.google.javascript.jscomp.Scope#524/com.google.javascript.jscomp.TypedScopeCreator$AbstractScopeBuilder#1185/com.google.javascript.rhino.Node#636/com.google.javascript.rhino.Node#624/com.google.javascript.rhino.Node$StringNode#313
Closure, 55, com.google.javascript.jscomp.FunctionRewriter#117, 1, 1, 2, 53, 36, 22, 21, 1, 25, com.google.javascript.jscomp.FunctionRewriter#46, com.google.javascript.jscomp.NodeUtil#1989
Closure, 56, com.google.javascript.jscomp.SourceFile#206, 1, 1, 2, 11, 12, 54, 51, 3, 57, com.google.javascript.jscomp.Compiler#1899, com.google.javascript.jscomp.JSSourceFile#79
Closure, 57, com.google.javascript.jscomp.ClosureCodingConvention#190, 1, 6, 7, 14, 14, 13, 12, 1, 13, com.google.javascript.jscomp.ClosureCodingConvention#185, com.google.javascript.rhino.Node#636/com.google.javascript.rhino.Node#624/com.google.javascript.rhino.Node#1939/com.google.javascript.rhino.Node$StringNode#313/com.google.javascript.rhino.Node#644/com.google.javascript.jscomp.NodeUtil#1605
Closure, 58, com.google.javascript.jscomp.LiveVariablesAnalysis#181, 1, 6, 7, 24, 18, 117, 116, 1, 117, com.google.javascript.jscomp.LiveVariablesAnalysis#148, com.google.javascript.jscomp.LiveVariablesAnalysis#266/com.google.javascript.rhino.Node#644/com.google.javascript.jscomp.NodeUtil#1613/com.google.javascript.rhino.Node#636/com.google.javascript.rhino.Node#624/com.google.javascript.jscomp.NodeUtil#1540
Closure, 59, com.google.javascript.jscomp.Compiler#227, 1, 14, 15, 70, 66, 5982, 5981, 1, 6038, com.google.javascript.jscomp.Compiler#329, com.google.javascript.jscomp.Compiler#1771/com.google.javascript.jscomp.Compiler#208/com.google.javascript.jscomp.PrintStreamErrorManager#44/com.google.javascript.jscomp.SuppressDocWarningsGuard#40/com.google.javascript.jscomp.PrintStreamErrorManager#62/com.google.javascript.jscomp.CheckLevel#30/com.google.javascript.jscomp.ComposeWarningsGuard#78/com.google.javascript.jscomp.DiagnosticGroups#58/com.google.javascript.jscomp.CompilerOptions#1242/com.google.javascript.jscomp.CompilerOptions#1000/com.google.common.collect.Lists#74/com.google.javascript.jscomp.CompilerOptions#1019/com.google.javascript.jscomp.CompilerOptions#1015/com.google.javascript.jscomp.Compiler#218
Closure, 60, com.google.javascript.jscomp.NodeUtil#121, 3, 5, 8, 32, 23, 177, 175, 2, 257, com.google.javascript.jscomp.NodeUtilTest#123/com.google.javascript.jscomp.NodeUtilTest#114/com.google.javascript.jscomp.NodeUtilTest#118, com.google.javascript.rhino.Node$NumberNode#264/com.google.javascript.jscomp.NodeUtil#714/com.google.javascript.rhino.jstype.TernaryValue#202/com.google.javascript.rhino.Node#615/com.google.javascript.rhino.Node$StringNode#307
Closure, 61, com.google.javascript.jscomp.NodeUtil#928, 2, 9, 11, 24, 21, 636, 633, 3, 639, com.google.javascript.jscomp.NodeUtil#1006/com.google.javascript.jscomp.NodeUtil#727, com.google.javascript.jscomp.Compiler#1987/com.google.javascript.rhino.Node#619/com.google.javascript.rhino.Node#607/com.google.javascript.rhino.Node#2292/com.google.javascript.rhino.Node#623/com.google.javascript.rhino.Node$StringNode#299/com.google.common.collect.RegularImmutableSet#46/com.google.javascript.rhino.Node#1423/com.google.javascript.rhino.Node#2304
Closure, 62, com.google.javascript.jscomp.LightweightMessageFormatter#68, 1, 4, 5, 10, 16, 47, 45, 2, 47, com.google.javascript.jscomp.LightweightMessageFormatter#59, com.google.javascript.jscomp.AbstractMessageFormatter#44/com.google.javascript.jscomp.JSError#200/com.google.javascript.jscomp.SourceExcerptProvider$SourceExcerpt$1#36/com.google.javascript.jscomp.AbstractMessageFormatter#74
Closure, 63, com.google.javascript.jscomp.LightweightMessageFormatter#68, 1, 4, 5, 10, 16, 47, 45, 2, 47, com.google.javascript.jscomp.LightweightMessageFormatter#59, com.google.javascript.jscomp.AbstractMessageFormatter#44/com.google.javascript.jscomp.JSError#200/com.google.javascript.jscomp.SourceExcerptProvider$SourceExcerpt$1#36/com.google.javascript.jscomp.AbstractMessageFormatter#74
Closure, 64, Unknown, 0, 0, 0, 0, 0, 0, 0, 0, 0, , 
Closure, 65, Unknown, 0, 0, 0, 0, 0, 0, 0, 0, 0, , 
Closure, 66, com.google.javascript.jscomp.TypeCheck#466, 1, 15, 16, 73, 38, 2216, 2214, 2, 2216, com.google.javascript.jscomp.NodeTraversal#439, com.google.javascript.rhino.Node#1283/com.google.javascript.jscomp.NodeUtil#2067/com.google.javascript.jscomp.TypeCheck#1861/com.google.javascript.jscomp.TypeCheck#1857/com.google.javascript.jscomp.TypeCheck#843/com.google.javascript.rhino.Node#1945/com.google.javascript.jscomp.TypeCheck#1228/com.google.javascript.rhino.Node$SiblingNodeIterable#1245/com.google.javascript.rhino.Node$SiblingNodeIterable#1232/com.google.javascript.jscomp.TypeCheck#820/com.google.javascript.jscomp.TypeCheck#964/com.google.javascript.rhino.Node#537/com.google.javascript.rhino.Node#1209/com.google.javascript.rhino.Node$SiblingNodeIterable#1260/com.google.javascript.jscomp.TypeCheck#397
Closure, 67, com.google.javascript.jscomp.AnalyzePrototypeProperties$ProcessProperties#315, 2, 5, 7, 62, 17, 64, 63, 1, 65, com.google.javascript.jscomp.AnalyzePrototypeProperties$ProcessProperties#221/com.google.javascript.jscomp.AnalyzePrototypeProperties$ProcessProperties#206, com.google.javascript.jscomp.NodeUtil#2026/com.google.javascript.rhino.Node$StringNode#299/com.google.javascript.rhino.Node#537/com.google.javascript.rhino.Node#557/com.google.javascript.rhino.Node#549
Closure, 68, com.google.javascript.jscomp.parsing.JsDocInfoParser#1686, 1, 4, 5, 29, 31, 2411, 2410, 1, 5774, com.google.javascript.jscomp.parsing.JsDocInfoParser#1641, com.google.javascript.jscomp.parsing.JsDocTokenStream#233/com.google.javascript.jscomp.parsing.JsDocInfoParser#2227/com.google.javascript.jscomp.parsing.JsDocInfoParser#1760/com.google.javascript.jscomp.parsing.JsDocInfoParser#2248
Closure, 69, com.google.javascript.jscomp.TypeCheck#1545, 1, 12, 13, 164, 50, 838, 835, 3, 1458, com.google.javascript.jscomp.TypeCheck#466, com.google.javascript.jscomp.TypeCheck#1811/com.google.javascript.rhino.jstype.JSType#836/com.google.javascript.jscomp.TypeCheck#1876/com.google.javascript.rhino.jstype.FunctionType#260/com.google.javascript.rhino.jstype.ObjectType#109/com.google.javascript.rhino.JSDocInfo#1267/com.google.javascript.jscomp.CompilerInput#298/com.google.javascript.rhino.jstype.FunctionType#198/com.google.javascript.jscomp.TypeCheck#1597/com.google.javascript.rhino.jstype.FunctionType#178/com.google.javascript.jscomp.Compiler#956/com.google.javascript.rhino.Node#549
Closure, 70, com.google.javascript.jscomp.TypedScopeCreator$LocalScopeBuilder#1735, 1, 9, 10, 24, 15, 2342, 2337, 5, 2367, com.google.javascript.jscomp.TypedScopeCreator$LocalScopeBuilder#1712, com.google.javascript.rhino.Node#1945/com.google.javascript.rhino.jstype.FunctionType#224/com.google.javascript.rhino.Node$SiblingNodeIterable#1245/com.google.javascript.rhino.Node$SiblingNodeIterable#1232/com.google.javascript.jscomp.TypedScopeCreator$AbstractScopeBuilder#990/com.google.javascript.rhino.Node#557/com.google.javascript.rhino.Node#1209/com.google.javascript.rhino.Node#549/com.google.javascript.rhino.Node$SiblingNodeIterable#1260
Closure, 71, com.google.javascript.jscomp.CheckAccessControls#409, 1, 20, 21, 102, 42, 71, 69, 2, 72, com.google.javascript.jscomp.CheckAccessControls#215, com.google.javascript.jscomp.NodeTraversal#400/com.google.javascript.jscomp.CheckAccessControls#640/com.google.javascript.jscomp.NodeTraversal#638/com.google.javascript.rhino.jstype.FunctionPrototypeType#48/com.google.javascript.rhino.Node#1942/com.google.javascript.jscomp.CompilerInput#93/com.google.javascript.rhino.Node#1984/com.google.javascript.rhino.jstype.ObjectType#514/com.google.javascript.jscomp.NodeTraversal#595/com.google.javascript.rhino.JSDocInfo#1267/com.google.javascript.rhino.Node$StringNode#296/com.google.javascript.rhino.jstype.InstanceObjectType#77/com.google.javascript.rhino.JSDocInfo#806/com.google.javascript.rhino.jstype.InstanceObjectType#49/com.google.javascript.jscomp.Compiler#1731/com.google.javascript.jscomp.CheckAccessControls#197/com.google.javascript.rhino.Node#534/com.google.javascript.rhino.Node#550/com.google.javascript.rhino.Node#546/com.google.javascript.rhino.jstype.FunctionType#65
Closure, 72, com.google.javascript.jscomp.FunctionToBlockMutator#143, 1, 4, 5, 16, 9, 142, 141, 1, 146, com.google.javascript.jscomp.FunctionToBlockMutator#63, com.google.javascript.jscomp.NodeTraversal#421/com.google.javascript.jscomp.MakeDeclaredNamesUnique$InlineRenamer#496/com.google.javascript.jscomp.MakeDeclaredNamesUnique#56/com.google.javascript.jscomp.Compiler#923
Closure, 73, com.google.javascript.jscomp.CodeGenerator#993, 1, 1, 2, 23, 15, 483, 482, 1, 497, com.google.javascript.jscomp.CodeGenerator#940, com.google.javascript.jscomp.CodeGenerator#1160
Closure, 74, com.google.javascript.jscomp.PeepholeFoldConstants#889, 1, 10, 11, 89, 39, 17, 14, 3, 17, com.google.javascript.jscomp.PeepholeFoldConstants#97, com.google.javascript.jscomp.NodeUtil#522/com.google.javascript.rhino.Node#1281/com.google.javascript.jscomp.PeepholeFoldConstants#1080/com.google.javascript.rhino.Node#694/com.google.javascript.jscomp.AbstractPeepholeOptimization#62/com.google.javascript.rhino.Node$StringNode#297/com.google.javascript.jscomp.PeepholeFoldConstants#1122/com.google.javascript.rhino.Node#367/com.google.javascript.rhino.Node#535/com.google.javascript.rhino.Node#547
Closure, 75, Unknown, 0, 0, 0, 0, 0, 0, 0, 0, 0, , 
Closure, 76, com.google.javascript.jscomp.DeadAssignmentsElimination#341, 3, 12, 15, 64, 34, 17, 13, 4, 46, com.google.javascript.jscomp.DeadAssignmentsElimination#386/com.google.javascript.jscomp.DeadAssignmentsElimination#341/com.google.javascript.jscomp.DeadAssignmentsElimination#292, com.google.javascript.rhino.Node#1267/com.google.javascript.jscomp.NodeUtil#2004/com.google.javascript.jscomp.NodeUtil#1440/com.google.javascript.jscomp.DeadAssignmentsElimination#341/com.google.javascript.jscomp.DeadAssignmentsElimination#386/com.google.javascript.jscomp.ControlFlowGraph#151/com.google.javascript.rhino.Node$StringNode#298/com.google.common.base.Preconditions#128/com.google.javascript.rhino.Node#536/com.google.javascript.rhino.Node#556/com.google.javascript.rhino.Node#552/com.google.javascript.rhino.Node#548
Closure, 77, com.google.javascript.jscomp.CodeGenerator#961, 1, 1, 2, 23, 15, 461, 460, 1, 471, com.google.javascript.jscomp.CodeGenerator#908, com.google.javascript.jscomp.CodeGenerator#1127
Closure, 78, com.google.javascript.jscomp.PeepholeFoldConstants#667, 1, 5, 6, 45, 21, 22, 21, 1, 26, com.google.javascript.jscomp.PeepholeFoldConstants#651, com.google.javascript.rhino.Node#512/com.google.javascript.jscomp.DiagnosticType#50/com.google.javascript.jscomp.AbstractPeepholeOptimization#53/com.google.javascript.jscomp.NodeUtil#1304/com.google.javascript.jscomp.NodeUtil#243
Closure, 79, com.google.javascript.jscomp.Normalize#120, 1, 6, 7, 44, 23, 1281, 1280, 1, 2452, com.google.javascript.jscomp.CompilerTestCase#700, com.google.javascript.jscomp.Normalize#629/com.google.javascript.jscomp.NodeTraversal#196/com.google.javascript.jscomp.Normalize$NormalizeStatements#297/com.google.javascript.jscomp.MakeDeclaredNamesUnique#53/com.google.javascript.jscomp.NodeTraversal#246/com.google.javascript.jscomp.NodeTraversal#257
Closure, 80, com.google.javascript.jscomp.NodeUtil#1243, 1, 1, 2, 33, 22, 18, 17, 1, 335, com.google.javascript.jscomp.NodeUtil$BooleanResultPredicate#1228, com.google.javascript.rhino.Node#536
Closure, 81, Unknown, 0, 0, 0, 0, 0, 0, 0, 0, 0, , 
Closure, 82, com.google.javascript.rhino.jstype.JSType#163, 5, 4, 9, 178, 63, 5752, 5750, 2, 5781, com.google.javascript.jscomp.TypeCheck#1264/com.google.javascript.rhino.jstype.FunctionTypeTest#173/com.google.javascript.rhino.jstype.FunctionParamBuilder#95/com.google.javascript.jscomp.TypedScopeCreator$AbstractScopeBuilder#988/com.google.javascript.rhino.jstype.JSTypeRegistry#659, com.google.javascript.rhino.jstype.NoObjectType#90/com.google.javascript.rhino.jstype.JSType#151/com.google.javascript.rhino.jstype.JSType#159/com.google.javascript.rhino.jstype.JSType#155
Closure, 83, com.google.javascript.jscomp.CommandLineRunner$Flags$BooleanOptionHandler#334, 1, 1, 2, 5, 4, 16, 15, 1, 16, org.kohsuke.args4j.CmdLineParser#421, org.kohsuke.args4j.CmdLineParser$CmdLineImpl#400
Closure, 84, Unknown, 0, 0, 0, 0, 0, 0, 0, 0, 0, , 
Closure, 85, com.google.javascript.jscomp.UnreachableCodeElimination#143, 2, 14, 16, 40, 25, 54, 52, 2, 64, com.google.javascript.jscomp.UnreachableCodeElimination#92/com.google.javascript.jscomp.UnreachableCodeElimination#143, com.google.javascript.rhino.Node#1267/com.google.javascript.jscomp.graph.LinkedDirectedGraph$LinkedDirectedGraphNode#376/com.google.javascript.jscomp.UnreachableCodeElimination#195/com.google.javascript.jscomp.UnreachableCodeElimination#143/com.google.javascript.jscomp.graph.LinkedDirectedGraph#112/com.google.javascript.jscomp.graph.LinkedDirectedGraph$LinkedDirectedGraphNode#334/com.google.javascript.jscomp.graph.LinkedDirectedGraph$LinkedDirectedGraphEdge#467/com.google.javascript.jscomp.graph.LinkedDirectedGraph$LinkedDirectedGraphEdge#482/com.google.common.base.Preconditions#128/com.google.javascript.rhino.Node#536/com.google.javascript.rhino.Node#556/com.google.javascript.rhino.Node#548/com.google.javascript.rhino.Node#544/com.google.javascript.jscomp.UnreachableCodeElimination#200
Closure, 86, com.google.javascript.jscomp.NodeUtil#2425, 1, 5, 6, 135, 49, 59, 52, 7, 59, com.google.javascript.jscomp.NodeUtil#2416, com.google.javascript.jscomp.NodeUtil#796/com.google.javascript.jscomp.NodeUtil#2526/com.google.javascript.jscomp.NodeUtil#293/com.google.common.base.Predicates$ObjectPredicate$2#267/com.google.javascript.rhino.Node#536
Closure, 87, com.google.javascript.jscomp.PeepholeSubstituteAlternateSyntax#520, 2, 4, 6, 51, 25, 34, 33, 1, 129, com.google.javascript.jscomp.PeepholeSubstituteAlternateSyntax#544/com.google.javascript.jscomp.PeepholeSubstituteAlternateSyntax#260, com.google.javascript.rhino.Node#1331/com.google.javascript.jscomp.NodeUtil#1062/com.google.javascript.rhino.Node#536/com.google.javascript.rhino.Node#548
Closure, 88, Unknown, 0, 0, 0, 0, 0, 0, 0, 0, 0, , 
Closure, 89, com.google.javascript.jscomp.GlobalNamespace$Name#897, 4, 4, 8, 24, 16, 199, 191, 8, 276, com.google.javascript.jscomp.GlobalNamespace$Name#876/com.google.javascript.jscomp.GlobalNamespace$Name#897/com.google.javascript.jscomp.CollapseProperties#442/com.google.javascript.jscomp.GlobalNamespace$Name#891, com.google.javascript.jscomp.GlobalNamespace$Name#897/com.google.javascript.jscomp.GlobalNamespace$Ref#1052/com.google.javascript.jscomp.GlobalNamespace$Name#929/com.google.common.base.Preconditions#186
Closure, 90, Unknown, 0, 0, 0, 0, 0, 0, 0, 0, 0, , 
Closure, 91, com.google.javascript.jscomp.CheckGlobalThis#84, 1, 3, 4, 14, 10, 60, 59, 1, 62, com.google.javascript.jscomp.CombinedCompilerPass$CallbackWrapper#129, com.google.javascript.rhino.JSDocInfo#331/com.google.javascript.jscomp.CheckGlobalThis#178/com.google.javascript.rhino.Node#536
Closure, 92, com.google.javascript.jscomp.ProcessClosurePrimitives$ProvidedName#748, 1, 8, 9, 40, 16, 174, 173, 1, 183, com.google.javascript.jscomp.ProcessClosurePrimitives#121, com.google.javascript.rhino.Node#1267/com.google.javascript.jscomp.ProcessClosurePrimitives$ProvidedName#816/com.google.javascript.jscomp.ProcessClosurePrimitives#37/com.google.javascript.jscomp.Compiler#1577/com.google.javascript.rhino.Node#1782/com.google.javascript.rhino.Node#645/com.google.javascript.rhino.Node#665/com.google.common.base.Preconditions#186
Closure, 93, com.google.javascript.jscomp.ProcessClosurePrimitives$ProvidedName#748, 1, 8, 9, 40, 16, 166, 165, 1, 175, com.google.javascript.jscomp.ProcessClosurePrimitives#121, com.google.javascript.rhino.Node#1267/com.google.javascript.jscomp.ProcessClosurePrimitives$ProvidedName#816/com.google.javascript.jscomp.ProcessClosurePrimitives#37/com.google.javascript.jscomp.Compiler#1577/com.google.javascript.rhino.Node#1782/com.google.javascript.rhino.Node#645/com.google.javascript.rhino.Node#665/com.google.common.base.Preconditions#186
Closure, 94, Unknown, 0, 0, 0, 0, 0, 0, 0, 0, 0, , 
Closure, 95, com.google.javascript.jscomp.TypedScopeCreator$AbstractScopeBuilder#873, 3, 19, 22, 131, 41, 2136, 2134, 2, 2280, com.google.javascript.jscomp.TypedScopeCreator$AbstractScopeBuilder#1103/com.google.javascript.jscomp.TypedScopeCreator$AbstractScopeBuilder#857/com.google.javascript.jscomp.TypedScopeCreator$LocalScopeBuilder#1505, com.google.javascript.jscomp.TypedScopeCreator$AbstractScopeBuilder#392/com.google.javascript.jscomp.Scope#426/com.google.javascript.rhino.jstype.JSTypeRegistry#769/com.google.javascript.rhino.Node#1727/com.google.javascript.rhino.jstype.FunctionType#260/com.google.javascript.jscomp.TypedScopeCreator#87/com.google.javascript.rhino.jstype.JSType#319/com.google.javascript.jscomp.Scope#380/com.google.javascript.rhino.jstype.FunctionType#731/com.google.javascript.jscomp.CompilerInput#294/com.google.javascript.rhino.jstype.FunctionType#172/com.google.javascript.jscomp.TypeValidator#465/com.google.javascript.rhino.Node#536/com.google.javascript.jscomp.Scope#440/com.google.javascript.jscomp.Compiler#941/com.google.javascript.jscomp.Scope#468/com.google.common.base.Preconditions#71/com.google.javascript.rhino.jstype.ObjectType#233/com.google.javascript.rhino.jstype.FunctionType#528
Closure, 96, com.google.javascript.jscomp.TypeCheck#1401, 1, 10, 11, 105, 39, 917, 916, 1, 1308, com.google.javascript.jscomp.TypeCheck#1365, com.google.javascript.jscomp.TypeCheck#1615/com.google.javascript.jscomp.TypeValidator#360/com.google.javascript.rhino.jstype.FunctionType#232/com.google.javascript.rhino.jstype.FunctionType#216/com.google.javascript.rhino.Node#1347/com.google.javascript.rhino.Node$SiblingNodeIterable#1246/com.google.javascript.rhino.Node$SiblingNodeIterable#1218/com.google.javascript.rhino.Node$SiblingNodeIterable#1231/com.google.javascript.rhino.Node#1195/com.google.javascript.rhino.jstype.FunctionType#198
Closure, 97, Unknown, 0, 0, 0, 0, 0, 0, 0, 0, 0, , 
Closure, 98, com.google.javascript.jscomp.NodeUtil#838, 1, 1, 2, 55, 20, 123, 122, 1, 318, com.google.javascript.jscomp.NodeUtil#872, com.google.javascript.rhino.Node#523
Closure, 99, com.google.javascript.jscomp.CheckGlobalThis#86, 1, 10, 11, 23, 20, 51, 48, 3, 90, com.google.javascript.jscomp.CombinedCompilerPass$CallbackWrapper#114, com.google.javascript.rhino.JSDocInfo#324/com.google.javascript.rhino.JSDocInfo#917/com.google.javascript.jscomp.CheckGlobalThis#168/com.google.javascript.rhino.Node#535/com.google.javascript.rhino.Node#539/com.google.javascript.rhino.Node#523/com.google.javascript.rhino.Node#1696/com.google.javascript.rhino.JSDocInfo#365/com.google.javascript.rhino.Node#543/com.google.javascript.rhino.Node$StringNode#302
Closure, 100, com.google.javascript.jscomp.CheckGlobalThis#86, 1, 7, 8, 21, 23, 47, 38, 9, 69, com.google.javascript.jscomp.CombinedCompilerPass$CallbackWrapper#114, com.google.javascript.jscomp.CheckGlobalThis#160/com.google.javascript.rhino.Node#535/com.google.javascript.rhino.Node#539/com.google.javascript.rhino.Node#523/com.google.javascript.rhino.Node#1696/com.google.javascript.rhino.Node#543/com.google.javascript.rhino.Node$StringNode#302
Closure, 101, com.google.javascript.jscomp.CommandLineRunner#420, 1, 7, 8, 63, 23, 21, 20, 1, 26, com.google.javascript.jscomp.CommandLineRunnerTest#288, com.google.javascript.jscomp.AbstractCommandLineRunner#129/com.google.javascript.jscomp.CompilerOptions#871/com.google.javascript.jscomp.WarningLevel#35/com.google.javascript.jscomp.ClosureCodingConvention#37/com.google.javascript.jscomp.CompilationLevel#52/com.google.javascript.jscomp.CommandLineRunner$Flags#77/com.google.javascript.jscomp.CompilerOptions#563
Closure, 102, Unknown, 0, 0, 0, 0, 0, 0, 0, 0, 0, , 
Closure, 103, com.google.javascript.jscomp.DisambiguateProperties$JSTypeSystem#737, 1, 4, 5, 62, 17, 39, 38, 1, 1475, com.google.javascript.jscomp.DisambiguateProperties$JSTypeSystem#634, com.google.javascript.rhino.jstype.FunctionPrototypeType#52/com.google.javascript.rhino.jstype.InstanceObjectType#82/com.google.javascript.rhino.jstype.InstanceObjectType#54/com.google.javascript.rhino.jstype.ObjectType#442
Closure, 104, Unknown, 0, 0, 0, 0, 0, 0, 0, 0, 0, , 
Closure, 105, com.google.javascript.jscomp.FoldConstants#1463, 1, 17, 18, 51, 33, 9, 8, 1, 15, com.google.javascript.jscomp.FoldConstants#91, com.google.javascript.rhino.Node#515/com.google.javascript.rhino.Node$StringNode#297/com.google.javascript.jscomp.NodeUtil#800/com.google.javascript.jscomp.NodeUtil#177/com.google.javascript.rhino.Node#499/com.google.javascript.jscomp.Compiler#1402/com.google.javascript.rhino.Node#366/com.google.javascript.rhino.Node#1768/com.google.javascript.rhino.Node#535/com.google.javascript.jscomp.InlineCostEstimator#40/com.google.javascript.rhino.Node#527/com.google.javascript.rhino.Node#1306/com.google.javascript.jscomp.NodeUtil#111/com.google.javascript.rhino.Node#673/com.google.javascript.rhino.Node#579/com.google.common.collect.Lists#282/com.google.javascript.jscomp.NodeTraversal#372
Closure, 106, com.google.javascript.jscomp.GlobalNamespace$Name#900, 4, 1, 5, 17, 12, 177, 174, 3, 197, com.google.javascript.jscomp.GlobalNamespace$Name#900/com.google.javascript.jscomp.GlobalNamespace$Name#879/com.google.javascript.jscomp.GlobalNamespace$Name#894/com.google.javascript.jscomp.CollapseProperties#441, com.google.javascript.jscomp.GlobalNamespace$Name#900
Closure, 107, com.google.javascript.jscomp.AbstractCommandLineRunner#806, 1, 2, 3, 78, 60, 111, 110, 1, 128, com.google.javascript.jscomp.AbstractCommandLineRunner#734, com.google.javascript.jscomp.AbstractCommandLineRunner$CommandLineConfig#1534/com.google.javascript.jscomp.AbstractCommandLineRunner#1514
Closure, 108, com.google.javascript.jscomp.ScopedAliases$Traversal#524, 1, 13, 14, 77, 28, 266, 265, 1, 816, com.google.javascript.jscomp.NodeTraversal#516, com.google.javascript.jscomp.NodeTraversal#676/com.google.javascript.jscomp.ScopedAliases$Traversal#294/com.google.javascript.jscomp.NodeTraversal#633/com.google.javascript.jscomp.Scope$Var#144/com.google.javascript.rhino.JSDocInfo#1596/com.google.javascript.rhino.Node$StringNode#214/com.google.javascript.jscomp.ScopedAliases$Traversal#500/com.google.javascript.rhino.Node#1326/com.google.javascript.jscomp.ScopedAliases$Traversal#592/com.google.javascript.jscomp.Scope#529/com.google.javascript.jscomp.NodeUtil#2102/com.google.javascript.rhino.Node#1884/com.google.javascript.rhino.Node#526
Closure, 109, com.google.javascript.jscomp.parsing.JsDocInfoParser#1908, 1, 1, 2, 42, 35, 95, 93, 2, 107, com.google.javascript.jscomp.parsing.JsDocInfoParser#1992, com.google.javascript.jscomp.parsing.JsDocInfoParser#1948
Closure, 110, com.google.javascript.jscomp.ScopedAliases$Traversal#353, 1, 9, 10, 53, 23, 60, 58, 2, 4023, com.google.javascript.jscomp.ScopedAliases$Traversal#295, com.google.javascript.jscomp.NodeTraversal#633/com.google.javascript.jscomp.Scope$Var#144/com.google.javascript.jscomp.Scope$Var#178/com.google.javascript.rhino.Node$StringNode#214/com.google.javascript.jscomp.Scope#574/com.google.javascript.rhino.Node#1323/com.google.javascript.rhino.Node#2435/com.google.javascript.jscomp.ScopedAliases$Traversal#348/com.google.javascript.rhino.Node#526
Closure, 111, Unknown, 0, 0, 0, 0, 0, 0, 0, 0, 0, , 
Closure, 112, com.google.javascript.jscomp.TypeInference#1185, 1, 11, 12, 215, 55, 1294, 1292, 2, 1324, com.google.javascript.jscomp.TypeInference#965, com.google.javascript.jscomp.TypeInference$TemplateTypeReplacer#1164/com.google.javascript.jscomp.TypeInference#1033/com.google.javascript.rhino.jstype.FunctionType#257/com.google.javascript.rhino.jstype.FunctionType#1066/com.google.common.base.Preconditions#191/com.google.javascript.rhino.jstype.TemplateTypeMap#104/com.google.javascript.rhino.Node#1842/com.google.javascript.rhino.Node#538/com.google.javascript.rhino.jstype.FunctionType#324/com.google.javascript.rhino.jstype.JSType#456/com.google.common.collect.SingletonImmutableList#106
Closure, 113, com.google.javascript.jscomp.ProcessClosurePrimitives#296, 1, 8, 9, 35, 26, 27, 26, 1, 27, com.google.javascript.jscomp.ProcessClosurePrimitives#203, com.google.javascript.jscomp.NodeTraversal#432/com.google.javascript.jscomp.ProcessClosurePrimitives#1172/com.google.javascript.rhino.Node$StringNode#214/com.google.javascript.jscomp.ProcessClosurePrimitives$UnrecognizedRequire#1227/com.google.javascript.jscomp.ProcessClosurePrimitives#770/com.google.javascript.jscomp.ProcessClosurePrimitives#1212/com.google.javascript.rhino.Node#538/com.google.javascript.rhino.Node#546
Closure, 114, com.google.javascript.jscomp.NameAnalyzer$FindDependencyScopes#559, 1, 5, 6, 21, 10, 233, 232, 1, 234, com.google.javascript.jscomp.NameAnalyzer$FindDependencyScopes#505, com.google.javascript.rhino.Node#1322/com.google.javascript.jscomp.NameAnalyzer$FindDependencyScopes#594/com.google.javascript.jscomp.NameAnalyzer#78/com.google.javascript.rhino.Node#538/com.google.javascript.rhino.Node#2302
Closure, 115, com.google.javascript.jscomp.FunctionInjector#691, 1, 13, 14, 105, 42, 156, 149, 7, 163, com.google.javascript.jscomp.FunctionInjector#180, com.google.javascript.rhino.Node#2350/com.google.javascript.jscomp.NodeUtil#770/com.google.javascript.rhino.Node#2390/com.google.javascript.jscomp.NodeUtil#781/com.google.javascript.jscomp.FunctionInjector#544/com.google.javascript.jscomp.NodeUtil#1129/com.google.common.base.Preconditions#133/com.google.javascript.jscomp.NodeUtil#2849/com.google.javascript.rhino.Node#1392/com.google.javascript.rhino.Node#534/com.google.javascript.rhino.Node#538/com.google.javascript.rhino.Node#546/com.google.javascript.rhino.Node#542
Closure, 116, com.google.javascript.jscomp.FunctionInjector#691, 1, 11, 12, 127, 52, 159, 151, 8, 165, com.google.javascript.jscomp.FunctionInjector#180, com.google.javascript.rhino.Node#2350/com.google.javascript.jscomp.NodeUtil#770/com.google.javascript.jscomp.NodeUtil#781/com.google.javascript.jscomp.NodeUtil#2045/com.google.javascript.jscomp.NodeUtil#2036/com.google.javascript.jscomp.FunctionInjector#544/com.google.common.base.Preconditions#132/com.google.javascript.jscomp.NodeUtil#2849/com.google.javascript.rhino.Node#538/com.google.javascript.rhino.Node#546/com.google.javascript.rhino.Node#542
Closure, 117, com.google.javascript.jscomp.TypeValidator#731, 1, 10, 11, 41, 18, 352, 351, 1, 417, com.google.javascript.jscomp.TypeCheck#1461, com.google.javascript.jscomp.TypeValidator#784/com.google.javascript.rhino.Node$StringNode#214/com.google.javascript.rhino.jstype.JSType#794/com.google.javascript.rhino.jstype.InstanceObjectType#82/com.google.javascript.rhino.jstype.FunctionType#199/com.google.javascript.rhino.jstype.JSType#1407/com.google.javascript.rhino.jstype.ObjectType#445/com.google.javascript.rhino.Node#538/com.google.javascript.rhino.Node#542/com.google.javascript.rhino.Node#2318
Closure, 118, com.google.javascript.jscomp.DisambiguateProperties$FindRenameableProperties#491, 1, 9, 10, 24, 14, 21, 19, 2, 39, com.google.javascript.jscomp.DisambiguateProperties$FindRenameableProperties#439, com.google.javascript.rhino.Node$StringNode#214/com.google.javascript.jscomp.DisambiguateProperties$FindRenameableProperties#546/com.google.javascript.jscomp.DisambiguateProperties#78/com.google.javascript.jscomp.DisambiguateProperties$Property#269/com.google.javascript.jscomp.DisambiguateProperties#363/com.google.javascript.rhino.Node#538/com.google.javascript.jscomp.DisambiguateProperties$AbstractScopingCallback#400/com.google.javascript.rhino.Node#546/com.google.javascript.jscomp.DisambiguateProperties$JSTypeSystem#748
Closure, 119, com.google.javascript.jscomp.GlobalNamespace$BuildGlobalNamespace#307, 1, 12, 13, 38, 25, 765, 764, 1, 765, com.google.javascript.jscomp.GlobalNamespace$BuildGlobalNamespace#297, com.google.javascript.jscomp.GlobalNamespace#52/com.google.javascript.rhino.Node$StringNode#214/com.google.javascript.jscomp.GlobalNamespace$BuildGlobalNamespace#635/com.google.javascript.rhino.Node#1576/com.google.javascript.rhino.Node#1322/com.google.javascript.jscomp.GlobalNamespace$BuildGlobalNamespace#550/com.google.javascript.rhino.Node#538/com.google.javascript.jscomp.NodeUtil#1516/com.google.javascript.rhino.Node#526/com.google.javascript.jscomp.NodeUtil#1975/com.google.javascript.rhino.Node#546/com.google.javascript.jscomp.GlobalNamespace$BuildGlobalNamespace#509
Closure, 120, com.google.javascript.jscomp.ReferenceCollectingCallback$ReferenceCollection#422, 2, 3, 5, 27, 12, 204, 203, 1, 211, com.google.javascript.jscomp.InlineVariables$InliningBehavior#257/com.google.javascript.jscomp.InlineVariables$InliningBehavior#169, com.google.javascript.jscomp.ReferenceCollectingCallback$ReferenceCollection#445/com.google.javascript.jscomp.ReferenceCollectingCallback$Reference#594/com.google.javascript.jscomp.ReferenceCollectingCallback$BasicBlock#640
Closure, 121, com.google.javascript.jscomp.InlineVariables$InliningBehavior#257, 1, 12, 13, 101, 31, 184, 183, 1, 185, com.google.javascript.jscomp.InlineVariables$InliningBehavior#196, com.google.javascript.jscomp.ReferenceCollectingCallback$Reference#611/com.google.javascript.jscomp.InlineVariables$InliningBehavior#353/com.google.javascript.jscomp.ReferenceCollectingCallback$ReferenceCollection#422/com.google.javascript.jscomp.InlineVariables$AliasCandidate#127/com.google.javascript.jscomp.InlineVariables$InliningBehavior#521/com.google.javascript.jscomp.InlineVariables$InliningBehavior#683/com.google.javascript.jscomp.ReferenceCollectingCallback$ReferenceCollection#396/com.google.javascript.jscomp.ReferenceCollectingCallback$ReferenceCollection#311/com.google.javascript.jscomp.ReferenceCollectingCallback$Reference#567/com.google.javascript.jscomp.Scope$Var#303/com.google.common.base.Preconditions#190/com.google.javascript.jscomp.InlineVariables$InliningBehavior#387
Closure, 122, Unknown, 0, 0, 0, 0, 0, 0, 0, 0, 0, , 
Closure, 123, com.google.javascript.jscomp.CodeGenerator#108, 4, 47, 51, 71, 67, 4097, 4096, 1, 4097, com.google.javascript.jscomp.CodeGenerator#108/com.google.javascript.jscomp.CodeGenerator#843/com.google.javascript.jscomp.CodeGenerator#104/com.google.javascript.jscomp.CodeGenerator#926, com.google.javascript.rhino.Node#2262/com.google.javascript.rhino.Node#2370/com.google.javascript.jscomp.CodeGenerator#108/com.google.javascript.rhino.Node#820/com.google.javascript.jscomp.CodeGenerator#104/com.google.javascript.jscomp.CodePrinter$MappedCodePrinter#92/com.google.javascript.jscomp.CodeGenerator#100/com.google.javascript.jscomp.CodePrinter$CompactCodePrinter#466/com.google.javascript.rhino.Node#2290/com.google.javascript.jscomp.CodeConsumer#210/com.google.javascript.jscomp.NodeUtil#2179/com.google.javascript.jscomp.CodeGenerator#843/com.google.javascript.jscomp.CodeGenerator#1263/com.google.javascript.rhino.Node$NumberNode#162/com.google.javascript.jscomp.CodeGenerator#995/com.google.javascript.jscomp.NodeUtil#1191/com.google.javascript.jscomp.CodeGenerator#1254/com.google.javascript.jscomp.CodePrinter$MappedCodePrinter#115/com.google.javascript.jscomp.CodeConsumer#307/com.google.javascript.jscomp.CodePrinter$CompactCodePrinter#511/com.google.javascript.jscomp.NodeUtil#2234/com.google.javascript.jscomp.CodeGenerator#783/com.google.javascript.jscomp.NodeUtil#1483/com.google.common.base.Preconditions#132/com.google.javascript.jscomp.CodeConsumer#167/com.google.javascript.rhino.Node$StringNode#214/com.google.javascript.jscomp.NodeUtil#1582/com.google.common.base.Preconditions#148/com.google.javascript.jscomp.CodeConsumer#134/com.google.javascript.jscomp.CodeGenerator#926/com.google.common.base.Preconditions#175/com.google.javascript.jscomp.CodeConsumer#242/com.google.javascript.jscomp.CodeGenerator#946/com.google.javascript.jscomp.CodeGenerator#830/com.google.javascript.jscomp.CodeGenerator#96/com.google.javascript.jscomp.CodeConsumer#115/com.google.javascript.jscomp.CodeConsumer#100/com.google.javascript.jscomp.CodeGenerator#937/com.google.javascript.rhino.Node#1406/com.google.javascript.rhino.Node#538/com.google.javascript.jscomp.NodeUtil#1516/com.google.javascript.rhino.Node#526/com.google.javascript.jscomp.CodeConsumer#52/com.google.javascript.rhino.Node#2306/com.google.javascript.rhino.Node#546/com.google.javascript.rhino.Node#542/com.google.javascript.rhino.Node#2434
Closure, 124, Unknown, 0, 0, 0, 0, 0, 0, 0, 0, 0, , 
Closure, 125, com.google.javascript.jscomp.TypeCheck#1657, 1, 8, 9, 163, 44, 539, 538, 1, 608, com.google.javascript.jscomp.TypeCheck#501, com.google.javascript.jscomp.TypeCheck#1862/com.google.javascript.rhino.jstype.FunctionType#257/com.google.javascript.rhino.jstype.FunctionType#1071/com.google.javascript.rhino.jstype.FunctionType#194/com.google.javascript.rhino.jstype.JSType#1200/com.google.javascript.rhino.jstype.JSType#177/com.google.javascript.rhino.Node#536/com.google.javascript.jscomp.TypeCheck#2038
Closure, 126, com.google.javascript.jscomp.MinimizeExitPoints#109, 2, 22, 24, 50, 36, 73, 71, 2, 73, com.google.javascript.jscomp.MinimizeExitPoints#49/com.google.javascript.jscomp.MinimizeExitPoints#109, com.google.javascript.jscomp.Compiler#2056/com.google.javascript.jscomp.MinimizeExitPoints#109/com.google.javascript.rhino.Node#2395/com.google.javascript.jscomp.NodeUtil#2798/com.google.javascript.jscomp.NodeUtil#2789/com.google.javascript.rhino.Node#1320/com.google.javascript.rhino.Node#2207/com.google.javascript.rhino.Node#1390/com.google.javascript.jscomp.MinimizeExitPoints#218/com.google.javascript.jscomp.MinimizeExitPoints#277/com.google.javascript.rhino.Node#2295/com.google.common.base.Preconditions#132/com.google.javascript.jscomp.NodeUtil#1799/com.google.javascript.rhino.Node#536/com.google.javascript.rhino.Node#540/com.google.javascript.rhino.Node#544/com.google.javascript.rhino.Node#1238/com.google.javascript.rhino.Node#2311/com.google.javascript.rhino.Node$SiblingNodeIterable#1291/com.google.javascript.jscomp.NodeUtil#2807/com.google.javascript.rhino.Node$SiblingNodeIterable#1261/com.google.javascript.rhino.Node$SiblingNodeIterable#1275
Closure, 127, com.google.javascript.jscomp.UnreachableCodeElimination$EliminationPass#141, 1, 11, 12, 32, 18, 136, 130, 6, 155, com.google.javascript.jscomp.UnreachableCodeElimination$EliminationPass#95, com.google.javascript.jscomp.UnreachableCodeElimination$EliminationPass#241/com.google.javascript.jscomp.graph.LinkedDirectedGraph$LinkedDirectedGraphNode#394/com.google.javascript.jscomp.graph.LinkedDirectedGraph$LinkedDirectedGraphNode#352/com.google.javascript.jscomp.graph.LinkedDirectedGraph#113/com.google.javascript.jscomp.graph.LinkedDirectedGraph$LinkedDirectedGraphEdge#485/com.google.common.base.Preconditions#132/com.google.javascript.jscomp.graph.LinkedDirectedGraph$LinkedDirectedGraphEdge#500/com.google.javascript.jscomp.UnreachableCodeElimination$EliminationPass#179/com.google.javascript.rhino.Node#532/com.google.javascript.rhino.Node#524/com.google.javascript.rhino.Node#544
Closure, 128, Unknown, 0, 0, 0, 0, 0, 0, 0, 0, 0, , 
Closure, 129, com.google.javascript.jscomp.PrepareAst$PrepareAnnotations#159, 1, 5, 6, 14, 10, 3491, 3490, 1, 3498, com.google.javascript.jscomp.PrepareAst$PrepareAnnotations#134, com.google.javascript.rhino.Node#2215/com.google.common.base.Preconditions#132/com.google.javascript.jscomp.NodeUtil#1552/com.google.javascript.rhino.Node#536/com.google.javascript.rhino.Node#2319
Closure, 130, com.google.javascript.jscomp.CollapseProperties#163, 1, 6, 7, 49, 19, 302, 301, 1, 350, com.google.javascript.jscomp.CollapseProperties#121, com.google.javascript.jscomp.Scope#610/com.google.javascript.jscomp.CollapseProperties#204/com.google.javascript.jscomp.GlobalNamespace#160/com.google.javascript.jscomp.GlobalNamespace$Name#965/com.google.common.collect.Lists#123/com.google.javascript.jscomp.GlobalNamespace$Name#1007
Closure, 131, Unknown, 0, 0, 0, 0, 0, 0, 0, 0, 0, , 
Closure, 132, com.google.javascript.jscomp.PeepholeSubstituteAlternateSyntax#638, 1, 22, 23, 54, 35, 60, 59, 1, 64, com.google.javascript.jscomp.PeepholeSubstituteAlternateSyntax#81, com.google.javascript.jscomp.NodeUtil#755/com.google.javascript.rhino.Node#705/com.google.javascript.jscomp.NodeUtil#1486/com.google.javascript.rhino.Node#1759/com.google.javascript.rhino.Node#1311/com.google.javascript.jscomp.PeepholeSubstituteAlternateSyntax#927/com.google.javascript.jscomp.NodeUtil#588/com.google.javascript.jscomp.PeepholeSubstituteAlternateSyntax#963/com.google.javascript.jscomp.AbstractPeepholeOptimization#111/com.google.javascript.jscomp.PeepholeSubstituteAlternateSyntax#987/com.google.javascript.rhino.Node#691/com.google.javascript.jscomp.PeepholeSubstituteAlternateSyntax#893/com.google.javascript.rhino.IR#341/com.google.javascript.jscomp.AbstractPeepholeOptimization#62/com.google.javascript.jscomp.AbstractPeepholeOptimization#74/com.google.javascript.rhino.Node#372/com.google.javascript.rhino.Node#1624/com.google.javascript.rhino.Node#536/com.google.javascript.rhino.Node#532/com.google.javascript.rhino.Node#520/com.google.javascript.rhino.Node#2300/com.google.javascript.rhino.Node#540
Closure, 133, com.google.javascript.jscomp.parsing.JsDocInfoParser#2400, 1, 1, 2, 45, 35, 2270, 2269, 1, 2278, com.google.javascript.jscomp.parsing.JsDocInfoParser#1413, com.google.javascript.jscomp.parsing.JsDocTokenStream#204
